Pulling OCI image (runtime, in-memory): linuxserver/webtop:debian-xfce
Pulling image (runtime, in-memory): docker.io/linuxserver/webtop:debian-xfce
  Fetching manifest...
  Pulled manifest (17 layer(s))
  [cache] HIT sha256:20704bbc788eb659439d8872872c6979de8e157a1956d7759fef07d5c6f0db90 (v1): 87311872 bytes from .litebox-cache\sha256_20704bbc788eb659439d8872872c6979de8e157a1956d7759fef07d5c6f0db90_v1.tar
  Layer 1/17 served from cache (87311872 bytes)
  [cache] HIT sha256:8eb9195ac8d00f47e3cc4f5a1c37627a197248dc5a49eb7a4f1574528ac6a6a6 (v1): 32768 bytes from .litebox-cache\sha256_8eb9195ac8d00f47e3cc4f5a1c37627a197248dc5a49eb7a4f1574528ac6a6a6_v1.tar
  Layer 2/17 served from cache (32768 bytes)
  [cache] HIT sha256:f7d01de2acefffb4a1ebe5838c5abc3cc5a7337709579c8206d28507880e7604 (v1): 8192 bytes from .litebox-cache\sha256_f7d01de2acefffb4a1ebe5838c5abc3cc5a7337709579c8206d28507880e7604_v1.tar
  Layer 3/17 served from cache (8192 bytes)
  [cache] HIT sha256:20e145c96f139c09aa219f2e6cd72980129c925db1c9a8c46e015c292e910d17 (v1): 3584 bytes from .litebox-cache\sha256_20e145c96f139c09aa219f2e6cd72980129c925db1c9a8c46e015c292e910d17_v1.tar
  Layer 4/17 served from cache (3584 bytes)
  [cache] HIT sha256:16d4296f513bf2cdc8446768ca85d698d2136669c09b3974e56b43534524d089 (v1): 3072 bytes from .litebox-cache\sha256_16d4296f513bf2cdc8446768ca85d698d2136669c09b3974e56b43534524d089_v1.tar
  Layer 5/17 served from cache (3072 bytes)
  [cache] HIT sha256:b1a7ac4f91cf604be35c46aa1eb25584e11a89daea8858867b084e77e9ed7276 (v1): 132541440 bytes from .litebox-cache\sha256_b1a7ac4f91cf604be35c46aa1eb25584e11a89daea8858867b084e77e9ed7276_v1.tar
  Layer 6/17 served from cache (132541440 bytes)
  [cache] HIT sha256:7447ffd9b10b7decee8de4f4ea4b880e0311ffc07c49fd058bc8f9f18f6ccb78 (v1): 78848 bytes from .litebox-cache\sha256_7447ffd9b10b7decee8de4f4ea4b880e0311ffc07c49fd058bc8f9f18f6ccb78_v1.tar
  Layer 7/17 served from cache (78848 bytes)
  [cache] HIT sha256:462620cfcec618894e8aaae3da5b8360fd00b2850f57ccba1a1ff30c1681a93e (v1): 385024 bytes from .litebox-cache\sha256_462620cfcec618894e8aaae3da5b8360fd00b2850f57ccba1a1ff30c1681a93e_v1.tar
  Layer 8/17 served from cache (385024 bytes)
  [cache] HIT sha256:66844901def40b6d6b555021955f03e6dab4f9f3eab069f70701c2049dc6082d (v1): 2565155328 bytes from .litebox-cache\sha256_66844901def40b6d6b555021955f03e6dab4f9f3eab069f70701c2049dc6082d_v1.tar
  Layer 9/17 served from cache (2565155328 bytes)
  [cache] HIT sha256:91407d489b4b9224e56fc2bb34956f36337e571a7903d7eba2be3692f7bb29f8 (v1): 128512 bytes from .litebox-cache\sha256_91407d489b4b9224e56fc2bb34956f36337e571a7903d7eba2be3692f7bb29f8_v1.tar
  Layer 10/17 served from cache (128512 bytes)
  [cache] HIT sha256:a926d6d0b7568d07d6c0715b6cfbad13177377dcf61dc6ca593011edc48b02ef (v1): 6881792 bytes from .litebox-cache\sha256_a926d6d0b7568d07d6c0715b6cfbad13177377dcf61dc6ca593011edc48b02ef_v1.tar
  Layer 11/17 served from cache (6881792 bytes)
  [cache] HIT sha256:5a2671fe4e5bcb1ccf90258d30ca88376a7614cf772d5781df7c9086629a487e (v1): 2335744 bytes from .litebox-cache\sha256_5a2671fe4e5bcb1ccf90258d30ca88376a7614cf772d5781df7c9086629a487e_v1.tar
  Layer 12/17 served from cache (2335744 bytes)
  [cache] HIT sha256:1038ad92bb500c2da4217d128daf5ae18060e04bbc55dbed5c7dfdc86aa347d3 (v1): 30208 bytes from .litebox-cache\sha256_1038ad92bb500c2da4217d128daf5ae18060e04bbc55dbed5c7dfdc86aa347d3_v1.tar
  Layer 13/17 served from cache (30208 bytes)
  [cache] HIT sha256:beac53af8c5bb730c6fba246ae2e8ae62308cab87e4d5f5366d55c82339505d9 (v1): 168448 bytes from .litebox-cache\sha256_beac53af8c5bb730c6fba246ae2e8ae62308cab87e4d5f5366d55c82339505d9_v1.tar
  Layer 14/17 served from cache (168448 bytes)
  [cache] HIT sha256:ac0322f750a8419bd58a5c043b4cfec04b79911304ca4e54930614236db7bc91 (v1): 6376448 bytes from .litebox-cache\sha256_ac0322f750a8419bd58a5c043b4cfec04b79911304ca4e54930614236db7bc91_v1.tar
  Layer 15/17 served from cache (6376448 bytes)
  [cache] HIT sha256:5feb62188a38bdedf5f80b62eb690410a287559a4d769e2b265de7198fb6053e (v1): 735840768 bytes from .litebox-cache\sha256_5feb62188a38bdedf5f80b62eb690410a287559a4d769e2b265de7198fb6053e_v1.tar
  Layer 16/17 served from cache (735840768 bytes)
  [cache] HIT sha256:20567e48cda2dea4713ff5e285c670541e8f3386c49b87c20c9d53aba5d4d512 (v1): 21504 bytes from .litebox-cache\sha256_20567e48cda2dea4713ff5e285c670541e8f3386c49b87c20c9d53aba5d4d512_v1.tar
  Layer 17/17 served from cache (21504 bytes)
[2m  71.453695900s[0m [31mERROR[0m [2mlitebox::mm[0m[2m:[0m DIAG_CREATE_PAGES [3mrequested[0m[2m=[0mSome(268697600) [3mactual[0m[2m=[0m268697600 [3mlen[0m[2m=[0m143360 [3mend[0m[2m=[0m268840960
[2m  71.453796800s[0m [31mERROR[0m [2mlitebox_shim_linux::syscalls::mm[0m[2m:[0m DIAG_MMAP returned [3mtid[0m[2m=[0m1 [3maddr[0m[2m=[0m268697600 [3mlen[0m[2m=[0m143360 [3mflags[0m[2m=[0m34 [3mreturned[0m[2m=[0m268697600 [3mrelocated[0m[2m=[0mfalse
[2m  71.454020000s[0m [31mERROR[0m [2mlitebox::mm[0m[2m:[0m DIAG_CREATE_PAGES [3mrequested[0m[2m=[0mSome(268697600) [3mactual[0m[2m=[0m268697600 [3mlen[0m[2m=[0m16384 [3mend[0m[2m=[0m268713984
[2m  71.454077400s[0m [31mERROR[0m [2mlitebox_shim_linux::syscalls::mm[0m[2m:[0m DIAG_ELF_PATCH init-from-scratch (cache miss) [3mpid[0m[2m=[0m1 [3mfd[0m[2m=[0m3 [3mmapped_addr[0m[2m=[0m268697600 [3mexisting_keys[0m[2m=[0m[]
[2m  71.454096500s[0m [31mERROR[0m [2mlitebox_shim_linux::syscalls::mm[0m[2m:[0m DIAG_MMAP returned [3mtid[0m[2m=[0m1 [3maddr[0m[2m=[0m268697600 [3mlen[0m[2m=[0m16384 [3mflags[0m[2m=[0m18 [3mreturned[0m[2m=[0m268697600 [3mrelocated[0m[2m=[0mfalse
[2m  71.454164200s[0m [31mERROR[0m [2mlitebox::mm[0m[2m:[0m DIAG_CREATE_PAGES [3mrequested[0m[2m=[0mSome(268713984) [3mactual[0m[2m=[0m268713984 [3mlen[0m[2m=[0m81920 [3mend[0m[2m=[0m268795904
[2m  71.454278100s[0m [31mERROR[0m [2mlitebox_shim_linux::syscalls::mm[0m[2m:[0m DIAG_MMAP returned [3mtid[0m[2m=[0m1 [3maddr[0m[2m=[0m268713984 [3mlen[0m[2m=[0m81920 [3mflags[0m[2m=[0m18 [3mreturned[0m[2m=[0m268713984 [3mrelocated[0m[2m=[0mfalse
[2m  71.454337400s[0m [31mERROR[0m [2mlitebox::mm[0m[2m:[0m DIAG_CREATE_PAGES [3mrequested[0m[2m=[0mSome(268795904) [3mactual[0m[2m=[0m268795904 [3mlen[0m[2m=[0m24576 [3mend[0m[2m=[0m268820480
[2m  71.454385400s[0m [31mERROR[0m [2mlitebox_shim_linux::syscalls::mm[0m[2m:[0m DIAG_MMAP returned [3mtid[0m[2m=[0m1 [3maddr[0m[2m=[0m268795904 [3mlen[0m[2m=[0m24576 [3mflags[0m[2m=[0m18 [3mreturned[0m[2m=[0m268795904 [3mrelocated[0m[2m=[0mfalse
[2m  71.454434500s[0m [31mERROR[0m [2mlitebox::mm[0m[2m:[0m DIAG_CREATE_PAGES [3mrequested[0m[2m=[0mSome(268820480) [3mactual[0m[2m=[0m268820480 [3mlen[0m[2m=[0m12288 [3mend[0m[2m=[0m268832768
[2m  71.454457700s[0m [31mERROR[0m [2mlitebox_shim_linux::syscalls::mm[0m[2m:[0m DIAG_MMAP returned [3mtid[0m[2m=[0m1 [3maddr[0m[2m=[0m268820480 [3mlen[0m[2m=[0m12288 [3mflags[0m[2m=[0m18 [3mreturned[0m[2m=[0m268820480 [3mrelocated[0m[2m=[0mfalse
[2m  71.454482000s[0m [31mERROR[0m [2mlitebox::mm[0m[2m:[0m DIAG_CREATE_PAGES [3mrequested[0m[2m=[0mSome(268832768) [3mactual[0m[2m=[0m268832768 [3mlen[0m[2m=[0m8192 [3mend[0m[2m=[0m268840960
[2m  71.454492700s[0m [31mERROR[0m [2mlitebox_shim_linux::syscalls::mm[0m[2m:[0m DIAG_MMAP returned [3mtid[0m[2m=[0m1 [3maddr[0m[2m=[0m268832768 [3mlen[0m[2m=[0m8192 [3mflags[0m[2m=[0m50 [3mreturned[0m[2m=[0m268832768 [3mrelocated[0m[2m=[0mfalse
[2m  71.454525500s[0m [31mERROR[0m [2mlitebox::mm[0m[2m:[0m DIAG_CREATE_PAGES [3mrequested[0m[2m=[0mNone [3mactual[0m[2m=[0m140668768579584 [3mlen[0m[2m=[0m233472 [3mend[0m[2m=[0m140668768813056
[2m  71.454536400s[0m [31mERROR[0m [2mlitebox_shim_linux::syscalls::mm[0m[2m:[0m DIAG_MMAP returned [3mtid[0m[2m=[0m1 [3maddr[0m[2m=[0m0 [3mlen[0m[2m=[0m233472 [3mflags[0m[2m=[0m34 [3mreturned[0m[2m=[0m140668768579584 [3mrelocated[0m[2m=[0mfalse
[2m  71.454914900s[0m [31mERROR[0m [2mlitebox::mm[0m[2m:[0m DIAG_CREATE_PAGES [3mrequested[0m[2m=[0mSome(140668768579584) [3mactual[0m[2m=[0m140668768579584 [3mlen[0m[2m=[0m4096 [3mend[0m[2m=[0m140668768583680
[2m  71.454948300s[0m [31mERROR[0m [2mlitebox_shim_linux::syscalls::mm[0m[2m:[0m DIAG_ELF_PATCH init-from-scratch (cache miss) [3mpid[0m[2m=[0m1 [3mfd[0m[2m=[0m4 [3mmapped_addr[0m[2m=[0m140668768579584 [3mexisting_keys[0m[2m=[0m[(1, 3)]
[2m  71.454970500s[0m [31mERROR[0m [2mlitebox_shim_linux::syscalls::mm[0m[2m:[0m DIAG_MMAP returned [3mtid[0m[2m=[0m1 [3maddr[0m[2m=[0m140668768579584 [3mlen[0m[2m=[0m4096 [3mflags[0m[2m=[0m18 [3mreturned[0m[2m=[0m140668768579584 [3mrelocated[0m[2m=[0mfalse
[2m  71.455042300s[0m [31mERROR[0m [2mlitebox::mm[0m[2m:[0m DIAG_CREATE_PAGES [3mrequested[0m[2m=[0mSome(140668768583680) [3mactual[0m[2m=[0m140668768583680 [3mlen[0m[2m=[0m163840 [3mend[0m[2m=[0m140668768747520
[2m  71.455205100s[0m [31mERROR[0m [2mlitebox::mm[0m[2m:[0m DIAG_CREATE_PAGES [3mrequested[0m[2m=[0mSome(140668768808960) [3mactual[0m[2m=[0m140668768808960 [3mlen[0m[2m=[0m4096 [3mend[0m[2m=[0m140668768813056
[2m  71.455252500s[0m [31mERROR[0m [2mlitebox_shim_linux::syscalls::mm[0m[2m:[0m DIAG_MMAP returned [3mtid[0m[2m=[0m1 [3maddr[0m[2m=[0m140668768583680 [3mlen[0m[2m=[0m163840 [3mflags[0m[2m=[0m18 [3mreturned[0m[2m=[0m140668768583680 [3mrelocated[0m[2m=[0mfalse
[2m  71.455479800s[0m [31mERROR[0m [2mlitebox::mm[0m[2m:[0m DIAG_CREATE_PAGES [3mrequested[0m[2m=[0mSome(140668768747520) [3mactual[0m[2m=[0m140668768747520 [3mlen[0m[2m=[0m45056 [3mend[0m[2m=[0m140668768792576
[2m  71.455542900s[0m [31mERROR[0m [2mlitebox_shim_linux::syscalls::mm[0m[2m:[0m DIAG_MMAP returned [3mtid[0m[2m=[0m1 [3maddr[0m[2m=[0m140668768747520 [3mlen[0m[2m=[0m45056 [3mflags[0m[2m=[0m18 [3mreturned[0m[2m=[0m140668768747520 [3mrelocated[0m[2m=[0mfalse
[2m  71.455623300s[0m [31mERROR[0m [2mlitebox::mm[0m[2m:[0m DIAG_CREATE_PAGES [3mrequested[0m[2m=[0mSome(140668768792576) [3mactual[0m[2m=[0m140668768792576 [3mlen[0m[2m=[0m12288 [3mend[0m[2m=[0m140668768804864
[2m  71.455646100s[0m [31mERROR[0m [2mlitebox_shim_linux::syscalls::mm[0m[2m:[0m DIAG_MMAP returned [3mtid[0m[2m=[0m1 [3maddr[0m[2m=[0m140668768792576 [3mlen[0m[2m=[0m12288 [3mflags[0m[2m=[0m18 [3mreturned[0m[2m=[0m140668768792576 [3mrelocated[0m[2m=[0mfalse
[2m  71.455671300s[0m [31mERROR[0m [2mlitebox::mm[0m[2m:[0m DIAG_CREATE_PAGES [3mrequested[0m[2m=[0mSome(140668768804864) [3mactual[0m[2m=[0m140668768804864 [3mlen[0m[2m=[0m4096 [3mend[0m[2m=[0m140668768808960
[2m  71.455681700s[0m [31mERROR[0m [2mlitebox_shim_linux::syscalls::mm[0m[2m:[0m DIAG_MMAP returned [3mtid[0m[2m=[0m1 [3maddr[0m[2m=[0m140668768804864 [3mlen[0m[2m=[0m4096 [3mflags[0m[2m=[0m50 [3mreturned[0m[2m=[0m140668768804864 [3mrelocated[0m[2m=[0mfalse
[2m  71.455736400s[0m [31mERROR[0m [2mlitebox::mm[0m[2m:[0m DIAG_CREATE_PAGES [3mrequested[0m[2m=[0mSome(140668768808960) [3mactual[0m[2m=[0m140668768808960 [3mlen[0m[2m=[0m4096 [3mend[0m[2m=[0m140668768813056
[2m  71.455752300s[0m [31mERROR[0m [2mlitebox_shim_linux::syscalls::mm[0m[2m:[0m DIAG_MMAP returned [3mtid[0m[2m=[0m1 [3maddr[0m[2m=[0m140668768808960 [3mlen[0m[2m=[0m4096 [3mflags[0m[2m=[0m18 [3mreturned[0m[2m=[0m140668768808960 [3mrelocated[0m[2m=[0mfalse
[2m  71.455808100s[0m [31mERROR[0m [2mlitebox::mm[0m[2m:[0m DIAG_CREATE_PAGES [3mrequested[0m[2m=[0mNone [3mactual[0m[2m=[0m140668759371776 [3mlen[0m[2m=[0m8388608 [3mend[0m[2m=[0m140668767760384
[2m  71.456119400s[0m [31mERROR[0m [2mlitebox::mm[0m[2m:[0m DIAG_CREATE_PAGES [3mrequested[0m[2m=[0mNone [3mactual[0m[2m=[0m140668740456448 [3mlen[0m[2m=[0m40960 [3mend[0m[2m=[0m140668740497408
[2m  71.456180200s[0m [31mERROR[0m [2mlitebox_shim_linux::syscalls::mm[0m[2m:[0m DIAG_ELF_PATCH init-from-scratch (cache miss) [3mpid[0m[2m=[0m1 [3mfd[0m[2m=[0m3 [3mmapped_addr[0m[2m=[0m140668740456448 [3mexisting_keys[0m[2m=[0m[]
[2m  71.456199000s[0m [31mERROR[0m [2mlitebox_shim_linux::syscalls::mm[0m[2m:[0m DIAG_MMAP returned [3mtid[0m[2m=[0m1 [3maddr[0m[2m=[0m0 [3mlen[0m[2m=[0m40960 [3mflags[0m[2m=[0m2 [3mreturned[0m[2m=[0m140668740456448 [3mrelocated[0m[2m=[0mfalse
[2m  71.456276600s[0m [31mERROR[0m [2mlitebox::mm[0m[2m:[0m DIAG_CREATE_PAGES [3mrequested[0m[2m=[0mNone [3mactual[0m[2m=[0m140668768571392 [3mlen[0m[2m=[0m8192 [3mend[0m[2m=[0m140668768579584
[2m  71.456290900s[0m [31mERROR[0m [2mlitebox_shim_linux::syscalls::mm[0m[2m:[0m DIAG_MMAP returned [3mtid[0m[2m=[0m1 [3maddr[0m[2m=[0m0 [3mlen[0m[2m=[0m8192 [3mflags[0m[2m=[0m34 [3mreturned[0m[2m=[0m140668768571392 [3mrelocated[0m[2m=[0mfalse
[2m  71.457546200s[0m [31mERROR[0m [2mlitebox::mm[0m[2m:[0m DIAG_CREATE_PAGES [3mrequested[0m[2m=[0mNone [3mactual[0m[2m=[0m140668721631232 [3mlen[0m[2m=[0m2048000 [3mend[0m[2m=[0m140668723679232
[2m  71.458377500s[0m [31mERROR[0m [2mlitebox_shim_linux::syscalls::mm[0m[2m:[0m DIAG_ELF_PATCH init-from-scratch (cache miss) [3mpid[0m[2m=[0m1 [3mfd[0m[2m=[0m3 [3mmapped_addr[0m[2m=[0m140668721631232 [3mexisting_keys[0m[2m=[0m[]
[2m  71.458419500s[0m [31mERROR[0m [2mlitebox_shim_linux::syscalls::mm[0m[2m:[0m DIAG_MMAP returned [3mtid[0m[2m=[0m1 [3maddr[0m[2m=[0m0 [3mlen[0m[2m=[0m2048000 [3mflags[0m[2m=[0m2050 [3mreturned[0m[2m=[0m140668721631232 [3mrelocated[0m[2m=[0mfalse
[2m  71.459386800s[0m [31mERROR[0m [2mlitebox::mm[0m[2m:[0m DIAG_CREATE_PAGES [3mrequested[0m[2m=[0mSome(140668721795072) [3mactual[0m[2m=[0m140668721795072 [3mlen[0m[2m=[0m1454080 [3mend[0m[2m=[0m140668723249152
[2m  71.460238500s[0m [31mERROR[0m [2mlitebox::mm[0m[2m:[0m DIAG_CREATE_PAGES [3mrequested[0m[2m=[0mSome(140668723679232) [3mactual[0m[2m=[0m140668723679232 [3mlen[0m[2m=[0m12288 [3mend[0m[2m=[0m140668723691520
[2m  71.460292600s[0m [31mERROR[0m [2mlitebox_shim_linux::syscalls::mm[0m[2m:[0m DIAG_MMAP returned [3mtid[0m[2m=[0m1 [3maddr[0m[2m=[0m140668721795072 [3mlen[0m[2m=[0m1454080 [3mflags[0m[2m=[0m2066 [3mreturned[0m[2m=[0m140668721795072 [3mrelocated[0m[2m=[0mfalse
[2m  71.460799100s[0m [31mERROR[0m [2mlitebox::mm[0m[2m:[0m DIAG_CREATE_PAGES [3mrequested[0m[2m=[0mSome(140668723249152) [3mactual[0m[2m=[0m140668723249152 [3mlen[0m[2m=[0m352256 [3mend[0m[2m=[0m140668723601408
[2m  71.460943200s[0m [31mERROR[0m [2mlitebox_shim_linux::syscalls::mm[0m[2m:[0m DIAG_MMAP returned [3mtid[0m[2m=[0m1 [3maddr[0m[2m=[0m140668723249152 [3mlen[0m[2m=[0m352256 [3mflags[0m[2m=[0m2066 [3mreturned[0m[2m=[0m140668723249152 [3mrelocated[0m[2m=[0mfalse
[2m  71.461384200s[0m [31mERROR[0m [2mlitebox::mm[0m[2m:[0m DIAG_CREATE_PAGES [3mrequested[0m[2m=[0mSome(140668723601408) [3mactual[0m[2m=[0m140668723601408 [3mlen[0m[2m=[0m24576 [3mend[0m[2m=[0m140668723625984
[2m  71.461413100s[0m [31mERROR[0m [2mlitebox_shim_linux::syscalls::mm[0m[2m:[0m DIAG_MMAP returned [3mtid[0m[2m=[0m1 [3maddr[0m[2m=[0m140668723601408 [3mlen[0m[2m=[0m24576 [3mflags[0m[2m=[0m2066 [3mreturned[0m[2m=[0m140668723601408 [3mrelocated[0m[2m=[0mfalse
[2m  71.461443700s[0m [31mERROR[0m [2mlitebox::mm[0m[2m:[0m DIAG_CREATE_PAGES [3mrequested[0m[2m=[0mSome(140668723625984) [3mactual[0m[2m=[0m140668723625984 [3mlen[0m[2m=[0m53248 [3mend[0m[2m=[0m140668723679232
[2m  71.461451000s[0m [31mERROR[0m [2mlitebox_shim_linux::syscalls::mm[0m[2m:[0m DIAG_MMAP returned [3mtid[0m[2m=[0m1 [3maddr[0m[2m=[0m140668723625984 [3mlen[0m[2m=[0m53248 [3mflags[0m[2m=[0m50 [3mreturned[0m[2m=[0m140668723625984 [3mrelocated[0m[2m=[0mfalse
[2m  71.461547600s[0m [31mERROR[0m [2mlitebox::mm[0m[2m:[0m DIAG_CREATE_PAGES [3mrequested[0m[2m=[0mNone [3mactual[0m[2m=[0m140668768559104 [3mlen[0m[2m=[0m12288 [3mend[0m[2m=[0m140668768571392
[2m  71.461558700s[0m [31mERROR[0m [2mlitebox_shim_linux::syscalls::mm[0m[2m:[0m DIAG_MMAP returned [3mtid[0m[2m=[0m1 [3maddr[0m[2m=[0m0 [3mlen[0m[2m=[0m12288 [3mflags[0m[2m=[0m34 [3mreturned[0m[2m=[0m140668768559104 [3mrelocated[0m[2m=[0mfalse
[2m  71.462486500s[0m [31mERROR[0m [2mlitebox::mm::linux[0m[2m:[0m DIAG_VMA skipped [3msrc_start[0m[2m=[0m1346961408 [3msrc_end[0m[2m=[0m1346965504 [3mreason[0m[2m=[0mempty-flags host-reserved placeholder (pre-loop filter)
[2m  71.462507700s[0m [31mERROR[0m [2mlitebox::mm::linux[0m[2m:[0m DIAG_VMA skipped [3msrc_start[0m[2m=[0m1346965504 [3msrc_end[0m[2m=[0m1347059712 [3mreason[0m[2m=[0mempty-flags host-reserved placeholder (pre-loop filter)
[2m  71.462515500s[0m [31mERROR[0m [2mlitebox::mm::linux[0m[2m:[0m DIAG_VMA skipped [3msrc_start[0m[2m=[0m1347059712 [3msrc_end[0m[2m=[0m1347084288 [3mreason[0m[2m=[0mempty-flags host-reserved placeholder (pre-loop filter)
[2m  71.462522200s[0m [31mERROR[0m [2mlitebox::mm::linux[0m[2m:[0m DIAG_VMA skipped [3msrc_start[0m[2m=[0m1347084288 [3msrc_end[0m[2m=[0m1347100672 [3mreason[0m[2m=[0mempty-flags host-reserved placeholder (pre-loop filter)
[2m  71.462529000s[0m [31mERROR[0m [2mlitebox::mm::linux[0m[2m:[0m DIAG_VMA skipped [3msrc_start[0m[2m=[0m1347100672 [3msrc_end[0m[2m=[0m1347117056 [3mreason[0m[2m=[0mempty-flags host-reserved placeholder (pre-loop filter)
[2m  71.462535900s[0m [31mERROR[0m [2mlitebox::mm::linux[0m[2m:[0m DIAG_VMA skipped [3msrc_start[0m[2m=[0m2147352576 [3msrc_end[0m[2m=[0m2147356672 [3mreason[0m[2m=[0mempty-flags host-reserved placeholder (pre-loop filter)
[2m  71.462542500s[0m [31mERROR[0m [2mlitebox::mm::linux[0m[2m:[0m DIAG_VMA skipped [3msrc_start[0m[2m=[0m2147364864 [3msrc_end[0m[2m=[0m2147368960 [3mreason[0m[2m=[0mempty-flags host-reserved placeholder (pre-loop filter)
[2m  71.462555900s[0m [31mERROR[0m [2mlitebox::mm::linux[0m[2m:[0m DIAG_VMA skipped [3msrc_start[0m[2m=[0m743171948544 [3msrc_end[0m[2m=[0m743172169728 [3mreason[0m[2m=[0mempty-flags host-reserved placeholder (pre-loop filter)
[2m  71.462564000s[0m [31mERROR[0m [2mlitebox::mm::linux[0m[2m:[0m DIAG_VMA skipped [3msrc_start[0m[2m=[0m743172169728 [3msrc_end[0m[2m=[0m743172214784 [3mreason[0m[2m=[0mempty-flags host-reserved placeholder (pre-loop filter)
[2m  71.462572600s[0m [31mERROR[0m [2mlitebox::mm::linux[0m[2m:[0m DIAG_VMA skipped [3msrc_start[0m[2m=[0m743172214784 [3msrc_end[0m[2m=[0m743172222976 [3mreason[0m[2m=[0mempty-flags host-reserved placeholder (pre-loop filter)
[2m  71.462581500s[0m [31mERROR[0m [2mlitebox::mm::linux[0m[2m:[0m DIAG_VMA skipped [3msrc_start[0m[2m=[0m743172222976 [3msrc_end[0m[2m=[0m743172247552 [3mreason[0m[2m=[0mempty-flags host-reserved placeholder (pre-loop filter)
[2m  71.462588600s[0m [31mERROR[0m [2mlitebox::mm::linux[0m[2m:[0m DIAG_VMA skipped [3msrc_start[0m[2m=[0m743172247552 [3msrc_end[0m[2m=[0m743174045696 [3mreason[0m[2m=[0mempty-flags host-reserved placeholder (pre-loop filter)
[2m  71.462595800s[0m [31mERROR[0m [2mlitebox::mm::linux[0m[2m:[0m DIAG_VMA skipped [3msrc_start[0m[2m=[0m743174045696 [3msrc_end[0m[2m=[0m743182336000 [3mreason[0m[2m=[0mempty-flags host-reserved placeholder (pre-loop filter)
[2m  71.462603200s[0m [31mERROR[0m [2mlitebox::mm::linux[0m[2m:[0m DIAG_VMA skipped [3msrc_start[0m[2m=[0m743182336000 [3msrc_end[0m[2m=[0m743182360576 [3mreason[0m[2m=[0mempty-flags host-reserved placeholder (pre-loop filter)
[2m  71.462611400s[0m [31mERROR[0m [2mlitebox::mm::linux[0m[2m:[0m DIAG_VMA skipped [3msrc_start[0m[2m=[0m743182360576 [3msrc_end[0m[2m=[0m743182434304 [3mreason[0m[2m=[0mempty-flags host-reserved placeholder (pre-loop filter)
[2m  71.462625300s[0m [31mERROR[0m [2mlitebox::mm::linux[0m[2m:[0m DIAG_VMA skipped [3msrc_start[0m[2m=[0m743182434304 [3msrc_end[0m[2m=[0m743190802432 [3mreason[0m[2m=[0mempty-flags host-reserved placeholder (pre-loop filter)
[2m  71.462634300s[0m [31mERROR[0m [2mlitebox::mm::linux[0m[2m:[0m DIAG_VMA skipped [3msrc_start[0m[2m=[0m743190802432 [3msrc_end[0m[2m=[0m743190814720 [3mreason[0m[2m=[0mempty-flags host-reserved placeholder (pre-loop filter)
[2m  71.462640900s[0m [31mERROR[0m [2mlitebox::mm::linux[0m[2m:[0m DIAG_VMA skipped [3msrc_start[0m[2m=[0m743190814720 [3msrc_end[0m[2m=[0m743190822912 [3mreason[0m[2m=[0mempty-flags host-reserved placeholder (pre-loop filter)
[2m  71.462647900s[0m [31mERROR[0m [2mlitebox::mm::linux[0m[2m:[0m DIAG_VMA skipped [3msrc_start[0m[2m=[0m743190822912 [3msrc_end[0m[2m=[0m743199191040 [3mreason[0m[2m=[0mempty-flags host-reserved placeholder (pre-loop filter)
[2m  71.462655600s[0m [31mERROR[0m [2mlitebox::mm::linux[0m[2m:[0m DIAG_VMA skipped [3msrc_start[0m[2m=[0m743199191040 [3msrc_end[0m[2m=[0m743199203328 [3mreason[0m[2m=[0mempty-flags host-reserved placeholder (pre-loop filter)
[2m  71.462662100s[0m [31mERROR[0m [2mlitebox::mm::linux[0m[2m:[0m DIAG_VMA skipped [3msrc_start[0m[2m=[0m743199203328 [3msrc_end[0m[2m=[0m743199211520 [3mreason[0m[2m=[0mempty-flags host-reserved placeholder (pre-loop filter)
[2m  71.462668800s[0m [31mERROR[0m [2mlitebox::mm::linux[0m[2m:[0m DIAG_VMA skipped [3msrc_start[0m[2m=[0m743199211520 [3msrc_end[0m[2m=[0m743207571456 [3mreason[0m[2m=[0mempty-flags host-reserved placeholder (pre-loop filter)
[2m  71.462675300s[0m [31mERROR[0m [2mlitebox::mm::linux[0m[2m:[0m DIAG_VMA skipped [3msrc_start[0m[2m=[0m743207571456 [3msrc_end[0m[2m=[0m743207583744 [3mreason[0m[2m=[0mempty-flags host-reserved placeholder (pre-loop filter)
[2m  71.462681800s[0m [31mERROR[0m [2mlitebox::mm::linux[0m[2m:[0m DIAG_VMA skipped [3msrc_start[0m[2m=[0m743207583744 [3msrc_end[0m[2m=[0m743207600128 [3mreason[0m[2m=[0mempty-flags host-reserved placeholder (pre-loop filter)
[2m  71.462688600s[0m [31mERROR[0m [2mlitebox::mm::linux[0m[2m:[0m DIAG_VMA skipped [3msrc_start[0m[2m=[0m743207600128 [3msrc_end[0m[2m=[0m743209664512 [3mreason[0m[2m=[0mempty-flags host-reserved placeholder (pre-loop filter)
[2m  71.462694900s[0m [31mERROR[0m [2mlitebox::mm::linux[0m[2m:[0m DIAG_VMA skipped [3msrc_start[0m[2m=[0m743209664512 [3msrc_end[0m[2m=[0m743209689088 [3mreason[0m[2m=[0mempty-flags host-reserved placeholder (pre-loop filter)
[2m  71.462702300s[0m [31mERROR[0m [2mlitebox::mm::linux[0m[2m:[0m DIAG_VMA skipped [3msrc_start[0m[2m=[0m743209689088 [3msrc_end[0m[2m=[0m743209697280 [3mreason[0m[2m=[0mempty-flags host-reserved placeholder (pre-loop filter)
[2m  71.462708900s[0m [31mERROR[0m [2mlitebox::mm::linux[0m[2m:[0m DIAG_VMA skipped [3msrc_start[0m[2m=[0m743211794432 [3msrc_end[0m[2m=[0m743220162560 [3mreason[0m[2m=[0mempty-flags host-reserved placeholder (pre-loop filter)
[2m  71.462715400s[0m [31mERROR[0m [2mlitebox::mm::linux[0m[2m:[0m DIAG_VMA skipped [3msrc_start[0m[2m=[0m743220162560 [3msrc_end[0m[2m=[0m743220174848 [3mreason[0m[2m=[0mempty-flags host-reserved placeholder (pre-loop filter)
[2m  71.462721900s[0m [31mERROR[0m [2mlitebox::mm::linux[0m[2m:[0m DIAG_VMA skipped [3msrc_start[0m[2m=[0m743220174848 [3msrc_end[0m[2m=[0m743220183040 [3mreason[0m[2m=[0mempty-flags host-reserved placeholder (pre-loop filter)
[2m  71.462729000s[0m [31mERROR[0m [2mlitebox::mm::linux[0m[2m:[0m DIAG_VMA skipped [3msrc_start[0m[2m=[0m743220183040 [3msrc_end[0m[2m=[0m743228551168 [3mreason[0m[2m=[0mempty-flags host-reserved placeholder (pre-loop filter)
[2m  71.462735500s[0m [31mERROR[0m [2mlitebox::mm::linux[0m[2m:[0m DIAG_VMA skipped [3msrc_start[0m[2m=[0m743228551168 [3msrc_end[0m[2m=[0m743228563456 [3mreason[0m[2m=[0mempty-flags host-reserved placeholder (pre-loop filter)
[2m  71.462744500s[0m [31mERROR[0m [2mlitebox::mm::linux[0m[2m:[0m DIAG_VMA skipped [3msrc_start[0m[2m=[0m743228563456 [3msrc_end[0m[2m=[0m743228571648 [3mreason[0m[2m=[0mempty-flags host-reserved placeholder (pre-loop filter)
[2m  71.462751800s[0m [31mERROR[0m [2mlitebox::mm::linux[0m[2m:[0m DIAG_VMA skipped [3msrc_start[0m[2m=[0m743228571648 [3msrc_end[0m[2m=[0m743236927488 [3mreason[0m[2m=[0mempty-flags host-reserved placeholder (pre-loop filter)
[2m  71.462758300s[0m [31mERROR[0m [2mlitebox::mm::linux[0m[2m:[0m DIAG_VMA skipped [3msrc_start[0m[2m=[0m743236927488 [3msrc_end[0m[2m=[0m743236939776 [3mreason[0m[2m=[0mempty-flags host-reserved placeholder (pre-loop filter)
[2m  71.462764600s[0m [31mERROR[0m [2mlitebox::mm::linux[0m[2m:[0m DIAG_VMA skipped [3msrc_start[0m[2m=[0m743236939776 [3msrc_end[0m[2m=[0m743236960256 [3mreason[0m[2m=[0mempty-flags host-reserved placeholder (pre-loop filter)
[2m  71.462771000s[0m [31mERROR[0m [2mlitebox::mm::linux[0m[2m:[0m DIAG_VMA skipped [3msrc_start[0m[2m=[0m2843268349952 [3msrc_end[0m[2m=[0m2843268481024 [3mreason[0m[2m=[0mempty-flags host-reserved placeholder (pre-loop filter)
[2m  71.462777500s[0m [31mERROR[0m [2mlitebox::mm::linux[0m[2m:[0m DIAG_VMA skipped [3msrc_start[0m[2m=[0m2843268481024 [3msrc_end[0m[2m=[0m2843275366400 [3mreason[0m[2m=[0mempty-flags host-reserved placeholder (pre-loop filter)
[2m  71.462784100s[0m [31mERROR[0m [2mlitebox::mm::linux[0m[2m:[0m DIAG_VMA skipped [3msrc_start[0m[2m=[0m2843275427840 [3msrc_end[0m[2m=[0m2843277766656 [3mreason[0m[2m=[0mempty-flags host-reserved placeholder (pre-loop filter)
[2m  71.462790500s[0m [31mERROR[0m [2mlitebox::mm::linux[0m[2m:[0m DIAG_VMA skipped [3msrc_start[0m[2m=[0m2843277787136 [3msrc_end[0m[2m=[0m2843277959168 [3mreason[0m[2m=[0mempty-flags host-reserved placeholder (pre-loop filter)
[2m  71.462797100s[0m [31mERROR[0m [2mlitebox::mm::linux[0m[2m:[0m DIAG_VMA skipped [3msrc_start[0m[2m=[0m2843277983744 [3msrc_end[0m[2m=[0m2843284361216 [3mreason[0m[2m=[0mempty-flags host-reserved placeholder (pre-loop filter)
[2m  71.462803700s[0m [31mERROR[0m [2mlitebox::mm::linux[0m[2m:[0m DIAG_VMA skipped [3msrc_start[0m[2m=[0m2843284406272 [3msrc_end[0m[2m=[0m2844020248576 [3mreason[0m[2m=[0mempty-flags host-reserved placeholder (pre-loop filter)
[2m  71.462810200s[0m [31mERROR[0m [2mlitebox::mm::linux[0m[2m:[0m DIAG_VMA skipped [3msrc_start[0m[2m=[0m2844020310016 [3msrc_end[0m[2m=[0m2844020334592 [3mreason[0m[2m=[0mempty-flags host-reserved placeholder (pre-loop filter)
[2m  71.462816900s[0m [31mERROR[0m [2mlitebox::mm::linux[0m[2m:[0m DIAG_VMA skipped [3msrc_start[0m[2m=[0m2845050863616 [3msrc_end[0m[2m=[0m2845050867712 [3mreason[0m[2m=[0mempty-flags host-reserved placeholder (pre-loop filter)
[2m  71.462823400s[0m [31mERROR[0m [2mlitebox::mm::linux[0m[2m:[0m DIAG_VMA skipped [3msrc_start[0m[2m=[0m2845050867712 [3msrc_end[0m[2m=[0m2845050871808 [3mreason[0m[2m=[0mempty-flags host-reserved placeholder (pre-loop filter)
[2m  71.462829900s[0m [31mERROR[0m [2mlitebox::mm::linux[0m[2m:[0m DIAG_VMA skipped [3msrc_start[0m[2m=[0m2845050929152 [3msrc_end[0m[2m=[0m2845050994688 [3mreason[0m[2m=[0mempty-flags host-reserved placeholder (pre-loop filter)
[2m  71.462836400s[0m [31mERROR[0m [2mlitebox::mm::linux[0m[2m:[0m DIAG_VMA skipped [3msrc_start[0m[2m=[0m2845050994688 [3msrc_end[0m[2m=[0m2845051166720 [3mreason[0m[2m=[0mempty-flags host-reserved placeholder (pre-loop filter)
[2m  71.462842800s[0m [31mERROR[0m [2mlitebox::mm::linux[0m[2m:[0m DIAG_VMA skipped [3msrc_start[0m[2m=[0m2845051191296 [3msrc_end[0m[2m=[0m2845051207680 [3mreason[0m[2m=[0mempty-flags host-reserved placeholder (pre-loop filter)
[2m  71.462851500s[0m [31mERROR[0m [2mlitebox::mm::linux[0m[2m:[0m DIAG_VMA skipped [3msrc_start[0m[2m=[0m2845051256832 [3msrc_end[0m[2m=[0m2845051265024 [3mreason[0m[2m=[0mempty-flags host-reserved placeholder (pre-loop filter)
[2m  71.462858800s[0m [31mERROR[0m [2mlitebox::mm::linux[0m[2m:[0m DIAG_VMA skipped [3msrc_start[0m[2m=[0m2845051322368 [3msrc_end[0m[2m=[0m2845051392000 [3mreason[0m[2m=[0mempty-flags host-reserved placeholder (pre-loop filter)
[2m  71.462865600s[0m [31mERROR[0m [2mlitebox::mm::linux[0m[2m:[0m DIAG_VMA skipped [3msrc_start[0m[2m=[0m2845051453440 [3msrc_end[0m[2m=[0m2845051523072 [3mreason[0m[2m=[0mempty-flags host-reserved placeholder (pre-loop filter)
[2m  71.462872100s[0m [31mERROR[0m [2mlitebox::mm::linux[0m[2m:[0m DIAG_VMA skipped [3msrc_start[0m[2m=[0m2845051584512 [3msrc_end[0m[2m=[0m2845051596800 [3mreason[0m[2m=[0mempty-flags host-reserved placeholder (pre-loop filter)
[2m  71.462878500s[0m [31mERROR[0m [2mlitebox::mm::linux[0m[2m:[0m DIAG_VMA skipped [3msrc_start[0m[2m=[0m2845051650048 [3msrc_end[0m[2m=[0m2845051695104 [3mreason[0m[2m=[0mempty-flags host-reserved placeholder (pre-loop filter)
[2m  71.462885300s[0m [31mERROR[0m [2mlitebox::mm::linux[0m[2m:[0m DIAG_VMA skipped [3msrc_start[0m[2m=[0m2845051715584 [3msrc_end[0m[2m=[0m2845051760640 [3mreason[0m[2m=[0mempty-flags host-reserved placeholder (pre-loop filter)
[2m  71.462893700s[0m [31mERROR[0m [2mlitebox::mm::linux[0m[2m:[0m DIAG_VMA skipped [3msrc_start[0m[2m=[0m2845051781120 [3msrc_end[0m[2m=[0m2845051809792 [3mreason[0m[2m=[0mempty-flags host-reserved placeholder (pre-loop filter)
[2m  71.462900300s[0m [31mERROR[0m [2mlitebox::mm::linux[0m[2m:[0m DIAG_VMA skipped [3msrc_start[0m[2m=[0m2845051846656 [3msrc_end[0m[2m=[0m2845052801024 [3mreason[0m[2m=[0mempty-flags host-reserved placeholder (pre-loop filter)
[2m  71.462906900s[0m [31mERROR[0m [2mlitebox::mm::linux[0m[2m:[0m DIAG_VMA skipped [3msrc_start[0m[2m=[0m2845052801024 [3msrc_end[0m[2m=[0m2845052895232 [3mreason[0m[2m=[0mempty-flags host-reserved placeholder (pre-loop filter)
[2m  71.462913700s[0m [31mERROR[0m [2mlitebox::mm::linux[0m[2m:[0m DIAG_VMA skipped [3msrc_start[0m[2m=[0m2845052895232 [3msrc_end[0m[2m=[0m2845052940288 [3mreason[0m[2m=[0mempty-flags host-reserved placeholder (pre-loop filter)
[2m  71.462920100s[0m [31mERROR[0m [2mlitebox::mm::linux[0m[2m:[0m DIAG_VMA skipped [3msrc_start[0m[2m=[0m2845052960768 [3msrc_end[0m[2m=[0m2845052968960 [3mreason[0m[2m=[0mempty-flags host-reserved placeholder (pre-loop filter)
[2m  71.462926700s[0m [31mERROR[0m [2mlitebox::mm::linux[0m[2m:[0m DIAG_VMA skipped [3msrc_start[0m[2m=[0m2845052968960 [3msrc_end[0m[2m=[0m2845053362176 [3mreason[0m[2m=[0mempty-flags host-reserved placeholder (pre-loop filter)
[2m  71.462933100s[0m [31mERROR[0m [2mlitebox::mm::linux[0m[2m:[0m DIAG_VMA skipped [3msrc_start[0m[2m=[0m2845053419520 [3msrc_end[0m[2m=[0m2845053431808 [3mreason[0m[2m=[0mempty-flags host-reserved placeholder (pre-loop filter)
[2m  71.462939900s[0m [31mERROR[0m [2mlitebox::mm::linux[0m[2m:[0m DIAG_VMA skipped [3msrc_start[0m[2m=[0m2845053485056 [3msrc_end[0m[2m=[0m2845054349312 [3mreason[0m[2m=[0mempty-flags host-reserved placeholder (pre-loop filter)
[2m  71.462946500s[0m [31mERROR[0m [2mlitebox::mm::linux[0m[2m:[0m DIAG_VMA skipped [3msrc_start[0m[2m=[0m2845054402560 [3msrc_end[0m[2m=[0m2845054472192 [3mreason[0m[2m=[0mempty-flags host-reserved placeholder (pre-loop filter)
[2m  71.462953000s[0m [31mERROR[0m [2mlitebox::mm::linux[0m[2m:[0m DIAG_VMA skipped [3msrc_start[0m[2m=[0m2845054533632 [3msrc_end[0m[2m=[0m2845054603264 [3mreason[0m[2m=[0mempty-flags host-reserved placeholder (pre-loop filter)
[2m  71.462959700s[0m [31mERROR[0m [2mlitebox::mm::linux[0m[2m:[0m DIAG_VMA skipped [3msrc_start[0m[2m=[0m2845054664704 [3msrc_end[0m[2m=[0m2845054795776 [3mreason[0m[2m=[0mempty-flags host-reserved placeholder (pre-loop filter)
[2m  71.463017900s[0m [31mERROR[0m [2mlitebox::mm::linux[0m[2m:[0m DIAG_VMA skipped [3msrc_start[0m[2m=[0m2845054795776 [3msrc_end[0m[2m=[0m2845056761856 [3mreason[0m[2m=[0mempty-flags host-reserved placeholder (pre-loop filter)
[2m  71.463028000s[0m [31mERROR[0m [2mlitebox::mm::linux[0m[2m:[0m DIAG_VMA skipped [3msrc_start[0m[2m=[0m2845056761856 [3msrc_end[0m[2m=[0m2845056794624 [3mreason[0m[2m=[0mempty-flags host-reserved placeholder (pre-loop filter)
[2m  71.463034800s[0m [31mERROR[0m [2mlitebox::mm::linux[0m[2m:[0m DIAG_VMA skipped [3msrc_start[0m[2m=[0m2845056827392 [3msrc_end[0m[2m=[0m2845056831488 [3mreason[0m[2m=[0mempty-flags host-reserved placeholder (pre-loop filter)
[2m  71.463041500s[0m [31mERROR[0m [2mlitebox::mm::linux[0m[2m:[0m DIAG_VMA skipped [3msrc_start[0m[2m=[0m2845056892928 [3msrc_end[0m[2m=[0m2845056901120 [3mreason[0m[2m=[0mempty-flags host-reserved placeholder (pre-loop filter)
[2m  71.463048800s[0m [31mERROR[0m [2mlitebox::mm::linux[0m[2m:[0m DIAG_VMA skipped [3msrc_start[0m[2m=[0m2845056958464 [3msrc_end[0m[2m=[0m2845056999424 [3mreason[0m[2m=[0mempty-flags host-reserved placeholder (pre-loop filter)
[2m  71.463055700s[0m [31mERROR[0m [2mlitebox::mm::linux[0m[2m:[0m DIAG_VMA skipped [3msrc_start[0m[2m=[0m2845057024000 [3msrc_end[0m[2m=[0m2845057056768 [3mreason[0m[2m=[0mempty-flags host-reserved placeholder (pre-loop filter)
[2m  71.463062400s[0m [31mERROR[0m [2mlitebox::mm::linux[0m[2m:[0m DIAG_VMA skipped [3msrc_start[0m[2m=[0m2845057089536 [3msrc_end[0m[2m=[0m2845057097728 [3mreason[0m[2m=[0mempty-flags host-reserved placeholder (pre-loop filter)
[2m  71.463068800s[0m [31mERROR[0m [2mlitebox::mm::linux[0m[2m:[0m DIAG_VMA skipped [3msrc_start[0m[2m=[0m2845057155072 [3msrc_end[0m[2m=[0m2845057216512 [3mreason[0m[2m=[0mempty-flags host-reserved placeholder (pre-loop filter)
[2m  71.463075300s[0m [31mERROR[0m [2mlitebox::mm::linux[0m[2m:[0m DIAG_VMA skipped [3msrc_start[0m[2m=[0m2845057216512 [3msrc_end[0m[2m=[0m2845057220608 [3mreason[0m[2m=[0mempty-flags host-reserved placeholder (pre-loop filter)
[2m  71.463081700s[0m [31mERROR[0m [2mlitebox::mm::linux[0m[2m:[0m DIAG_VMA skipped [3msrc_start[0m[2m=[0m2845057220608 [3msrc_end[0m[2m=[0m2845057224704 [3mreason[0m[2m=[0mempty-flags host-reserved placeholder (pre-loop filter)
[2m  71.463088200s[0m [31mERROR[0m [2mlitebox::mm::linux[0m[2m:[0m DIAG_VMA skipped [3msrc_start[0m[2m=[0m2845057224704 [3msrc_end[0m[2m=[0m2845057622016 [3mreason[0m[2m=[0mempty-flags host-reserved placeholder (pre-loop filter)
[2m  71.463095200s[0m [31mERROR[0m [2mlitebox::mm::linux[0m[2m:[0m DIAG_VMA skipped [3msrc_start[0m[2m=[0m2845057679360 [3msrc_end[0m[2m=[0m2845057687552 [3mreason[0m[2m=[0mempty-flags host-reserved placeholder (pre-loop filter)
[2m  71.463101700s[0m [31mERROR[0m [2mlitebox::mm::linux[0m[2m:[0m DIAG_VMA skipped [3msrc_start[0m[2m=[0m2845057687552 [3msrc_end[0m[2m=[0m2845058080768 [3mreason[0m[2m=[0mempty-flags host-reserved placeholder (pre-loop filter)
[2m  71.463108400s[0m [31mERROR[0m [2mlitebox::mm::linux[0m[2m:[0m DIAG_VMA skipped [3msrc_start[0m[2m=[0m2845058138112 [3msrc_end[0m[2m=[0m2845058146304 [3mreason[0m[2m=[0mempty-flags host-reserved placeholder (pre-loop filter)
[2m  71.463114900s[0m [31mERROR[0m [2mlitebox::mm::linux[0m[2m:[0m DIAG_VMA skipped [3msrc_start[0m[2m=[0m2845058146304 [3msrc_end[0m[2m=[0m2845058203648 [3mreason[0m[2m=[0mempty-flags host-reserved placeholder (pre-loop filter)
[2m  71.463121300s[0m [31mERROR[0m [2mlitebox::mm::linux[0m[2m:[0m DIAG_VMA skipped [3msrc_start[0m[2m=[0m2845058203648 [3msrc_end[0m[2m=[0m2845059780608 [3mreason[0m[2m=[0mempty-flags host-reserved placeholder (pre-loop filter)
[2m  71.463129900s[0m [31mERROR[0m [2mlitebox::mm::linux[0m[2m:[0m DIAG_VMA skipped [3msrc_start[0m[2m=[0m2845059842048 [3msrc_end[0m[2m=[0m2845060538368 [3mreason[0m[2m=[0mempty-flags host-reserved placeholder (pre-loop filter)
[2m  71.463137300s[0m [31mERROR[0m [2mlitebox::mm::linux[0m[2m:[0m DIAG_VMA skipped [3msrc_start[0m[2m=[0m2845060538368 [3msrc_end[0m[2m=[0m2845080817664 [3mreason[0m[2m=[0mempty-flags host-reserved placeholder (pre-loop filter)
[2m  71.463145800s[0m [31mERROR[0m [2mlitebox::mm::linux[0m[2m:[0m DIAG_VMA skipped [3msrc_start[0m[2m=[0m2845080879104 [3msrc_end[0m[2m=[0m2845080883200 [3mreason[0m[2m=[0mempty-flags host-reserved placeholder (pre-loop filter)
[2m  71.463152500s[0m [31mERROR[0m [2mlitebox::mm::linux[0m[2m:[0m DIAG_VMA skipped [3msrc_start[0m[2m=[0m2845080944640 [3msrc_end[0m[2m=[0m2845080948736 [3mreason[0m[2m=[0mempty-flags host-reserved placeholder (pre-loop filter)
[2m  71.463159200s[0m [31mERROR[0m [2mlitebox::mm::linux[0m[2m:[0m DIAG_VMA skipped [3msrc_start[0m[2m=[0m2845081010176 [3msrc_end[0m[2m=[0m2845081092096 [3mreason[0m[2m=[0mempty-flags host-reserved placeholder (pre-loop filter)
[2m  71.463165700s[0m [31mERROR[0m [2mlitebox::mm::linux[0m[2m:[0m DIAG_VMA skipped [3msrc_start[0m[2m=[0m2845081141248 [3msrc_end[0m[2m=[0m2845081526272 [3mreason[0m[2m=[0mempty-flags host-reserved placeholder (pre-loop filter)
[2m  71.463172100s[0m [31mERROR[0m [2mlitebox::mm::linux[0m[2m:[0m DIAG_VMA skipped [3msrc_start[0m[2m=[0m2845081534464 [3msrc_end[0m[2m=[0m2845081595904 [3mreason[0m[2m=[0mempty-flags host-reserved placeholder (pre-loop filter)
[2m  71.463178600s[0m [31mERROR[0m [2mlitebox::mm::linux[0m[2m:[0m DIAG_VMA skipped [3msrc_start[0m[2m=[0m2845081595904 [3msrc_end[0m[2m=[0m2845081600000 [3mreason[0m[2m=[0mempty-flags host-reserved placeholder (pre-loop filter)
[2m  71.463186900s[0m [31mERROR[0m [2mlitebox::mm::linux[0m[2m:[0m DIAG_VMA skipped [3msrc_start[0m[2m=[0m2845081600000 [3msrc_end[0m[2m=[0m2845081632768 [3mreason[0m[2m=[0mempty-flags host-reserved placeholder (pre-loop filter)
[2m  71.463193500s[0m [31mERROR[0m [2mlitebox::mm::linux[0m[2m:[0m DIAG_VMA skipped [3msrc_start[0m[2m=[0m2845081665536 [3msrc_end[0m[2m=[0m2845081673728 [3mreason[0m[2m=[0mempty-flags host-reserved placeholder (pre-loop filter)
[2m  71.463200000s[0m [31mERROR[0m [2mlitebox::mm::linux[0m[2m:[0m DIAG_VMA skipped [3msrc_start[0m[2m=[0m2845081673728 [3msrc_end[0m[2m=[0m2845081731072 [3mreason[0m[2m=[0mempty-flags host-reserved placeholder (pre-loop filter)
[2m  71.463206500s[0m [31mERROR[0m [2mlitebox::mm::linux[0m[2m:[0m DIAG_VMA skipped [3msrc_start[0m[2m=[0m2845081731072 [3msrc_end[0m[2m=[0m2845085118464 [3mreason[0m[2m=[0mempty-flags host-reserved placeholder (pre-loop filter)
[2m  71.463213200s[0m [31mERROR[0m [2mlitebox::mm::linux[0m[2m:[0m DIAG_VMA skipped [3msrc_start[0m[2m=[0m2845085138944 [3msrc_end[0m[2m=[0m2845172453376 [3mreason[0m[2m=[0mempty-flags host-reserved placeholder (pre-loop filter)
[2m  71.463220100s[0m [31mERROR[0m [2mlitebox::mm::linux[0m[2m:[0m DIAG_VMA skipped [3msrc_start[0m[2m=[0m2845172498432 [3msrc_end[0m[2m=[0m2845305040896 [3mreason[0m[2m=[0mempty-flags host-reserved placeholder (pre-loop filter)
[2m  71.463226700s[0m [31mERROR[0m [2mlitebox::mm::linux[0m[2m:[0m DIAG_VMA skipped [3msrc_start[0m[2m=[0m2845305077760 [3msrc_end[0m[2m=[0m2847870234624 [3mreason[0m[2m=[0mempty-flags host-reserved placeholder (pre-loop filter)
[2m  71.463247100s[0m [31mERROR[0m [2mlitebox::mm::linux[0m[2m:[0m DIAG_GROUPS duplicate [3mgroup_index[0m[2m=[0m0 [3mgroup_count[0m[2m=[0m2 [3mstart[0m[2m=[0m268697600 [3mend[0m[2m=[0m285753344 [3mspan_bytes[0m[2m=[0m17055744 [3mgap_constant[0m[2m=[0m67108864 [3mstack_regions[0m[2m=[0m0 [3mnonstack_regions[0m[2m=[0m7 [3mstack_merged_with_nonstack[0m[2m=[0mfalse
[2m  71.463258700s[0m [31mERROR[0m [2mlitebox::mm::linux[0m[2m:[0m DIAG_GROUPS duplicate [3mgroup_index[0m[2m=[0m1 [3mgroup_count[0m[2m=[0m2 [3mstart[0m[2m=[0m140668721631232 [3mend[0m[2m=[0m140668768813056 [3mspan_bytes[0m[2m=[0m47181824 [3mgap_constant[0m[2m=[0m67108864 [3mstack_regions[0m[2m=[0m1 [3mnonstack_regions[0m[2m=[0m16 [3mstack_merged_with_nonstack[0m[2m=[0mtrue
[2m  71.463271200s[0m [31mERROR[0m [2mlitebox::mm::linux[0m[2m:[0m DIAG_GROUPS counterfactual [3mgap_mib[0m[2m=[0m16 [3mgroup_count[0m[2m=[0m3 [3mstack_merged_groups[0m[2m=[0m1 [3mmax_group_span[0m[2m=[0m17055744
[2m  71.463280000s[0m [31mERROR[0m [2mlitebox::mm::linux[0m[2m:[0m DIAG_GROUPS counterfactual [3mgap_mib[0m[2m=[0m64 [3mgroup_count[0m[2m=[0m2 [3mstack_merged_groups[0m[2m=[0m1 [3mmax_group_span[0m[2m=[0m47181824
[2m  71.463287500s[0m [31mERROR[0m [2mlitebox::mm::linux[0m[2m:[0m DIAG_GROUPS counterfactual [3mgap_mib[0m[2m=[0m128 [3mgroup_count[0m[2m=[0m2 [3mstack_merged_groups[0m[2m=[0m1 [3mmax_group_span[0m[2m=[0m47181824
[2m  71.463295000s[0m [31mERROR[0m [2mlitebox::mm::linux[0m[2m:[0m DIAG_GROUPS counterfactual [3mgap_mib[0m[2m=[0m256 [3mgroup_count[0m[2m=[0m2 [3mstack_merged_groups[0m[2m=[0m1 [3mmax_group_span[0m[2m=[0m47181824
[2m  71.463302300s[0m [31mERROR[0m [2mlitebox::mm::linux[0m[2m:[0m DIAG_GROUPS counterfactual [3mgap_mib[0m[2m=[0m512 [3mgroup_count[0m[2m=[0m2 [3mstack_merged_groups[0m[2m=[0m1 [3mmax_group_span[0m[2m=[0m47181824
[2m  71.463778400s[0m [31mERROR[0m [2mlitebox::mm::linux[0m[2m:[0m DIAG_VMA fork-relocation [3msrc_start[0m[2m=[0m268697600 [3msrc_end[0m[2m=[0m268713984 [3mdest[0m[2m=[0m10485760 [3mexec[0m[2m=[0mfalse [3mprivate_data[0m[2m=[0mfalse [3mfile_backed[0m[2m=[0mtrue [3mshared[0m[2m=[0mfalse [3mgrowsdown[0m[2m=[0mfalse [3mis_brk[0m[2m=[0mfalse [3mflags[0m[2m=[0m113
[2m  71.464170400s[0m [31mERROR[0m [2mlitebox::mm::linux[0m[2m:[0m DIAG_VMA fork-relocation [3msrc_start[0m[2m=[0m268713984 [3msrc_end[0m[2m=[0m268795904 [3mdest[0m[2m=[0m10502144 [3mexec[0m[2m=[0mtrue [3mprivate_data[0m[2m=[0mfalse [3mfile_backed[0m[2m=[0mtrue [3mshared[0m[2m=[0mfalse [3mgrowsdown[0m[2m=[0mfalse [3mis_brk[0m[2m=[0mfalse [3mflags[0m[2m=[0m117
[2m  71.464530100s[0m [31mERROR[0m [2mlitebox::mm::linux[0m[2m:[0m DIAG_VMA fork-relocation [3msrc_start[0m[2m=[0m268795904 [3msrc_end[0m[2m=[0m268820480 [3mdest[0m[2m=[0m10584064 [3mexec[0m[2m=[0mfalse [3mprivate_data[0m[2m=[0mfalse [3mfile_backed[0m[2m=[0mtrue [3mshared[0m[2m=[0mfalse [3mgrowsdown[0m[2m=[0mfalse [3mis_brk[0m[2m=[0mfalse [3mflags[0m[2m=[0m113
[2m  71.464859500s[0m [31mERROR[0m [2mlitebox::mm::linux[0m[2m:[0m DIAG_VMA fork-relocation [3msrc_start[0m[2m=[0m268820480 [3msrc_end[0m[2m=[0m268828672 [3mdest[0m[2m=[0m10608640 [3mexec[0m[2m=[0mfalse [3mprivate_data[0m[2m=[0mfalse [3mfile_backed[0m[2m=[0mtrue [3mshared[0m[2m=[0mfalse [3mgrowsdown[0m[2m=[0mfalse [3mis_brk[0m[2m=[0mfalse [3mflags[0m[2m=[0m113
[2m  71.465258300s[0m [31mERROR[0m [2mlitebox::mm::linux[0m[2m:[0m DIAG_VMA fork-relocation [3msrc_start[0m[2m=[0m268828672 [3msrc_end[0m[2m=[0m268832768 [3mdest[0m[2m=[0m10616832 [3mexec[0m[2m=[0mfalse [3mprivate_data[0m[2m=[0mtrue [3mfile_backed[0m[2m=[0mtrue [3mshared[0m[2m=[0mfalse [3mgrowsdown[0m[2m=[0mfalse [3mis_brk[0m[2m=[0mfalse [3mflags[0m[2m=[0m115
[2m  71.465783400s[0m [31mERROR[0m [2mlitebox::mm::linux[0m[2m:[0m DIAG_VMA fork-relocation [3msrc_start[0m[2m=[0m268832768 [3msrc_end[0m[2m=[0m268840960 [3mdest[0m[2m=[0m10620928 [3mexec[0m[2m=[0mfalse [3mprivate_data[0m[2m=[0mtrue [3mfile_backed[0m[2m=[0mfalse [3mshared[0m[2m=[0mfalse [3mgrowsdown[0m[2m=[0mfalse [3mis_brk[0m[2m=[0mfalse [3mflags[0m[2m=[0m115
[2m  71.466051200s[0m [31mERROR[0m [2mlitebox::mm::linux[0m[2m:[0m DIAG_VMA fork-relocation [3msrc_start[0m[2m=[0m285618176 [3msrc_end[0m[2m=[0m285753344 [3mdest[0m[2m=[0m27406336 [3mexec[0m[2m=[0mfalse [3mprivate_data[0m[2m=[0mtrue [3mfile_backed[0m[2m=[0mfalse [3mshared[0m[2m=[0mfalse [3mgrowsdown[0m[2m=[0mfalse [3mis_brk[0m[2m=[0mfalse [3mflags[0m[2m=[0m115
[2m  71.466932700s[0m [31mERROR[0m [2mlitebox::mm::linux[0m[2m:[0m DIAG_VMA fork-relocation [3msrc_start[0m[2m=[0m140668721631232 [3msrc_end[0m[2m=[0m140668721795072 [3mdest[0m[2m=[0m27590656 [3mexec[0m[2m=[0mfalse [3mprivate_data[0m[2m=[0mfalse [3mfile_backed[0m[2m=[0mtrue [3mshared[0m[2m=[0mfalse [3mgrowsdown[0m[2m=[0mfalse [3mis_brk[0m[2m=[0mfalse [3mflags[0m[2m=[0m113
[2m  71.468030900s[0m [31mERROR[0m [2mlitebox::mm::linux[0m[2m:[0m DIAG_VMA fork-relocation [3msrc_start[0m[2m=[0m140668721795072 [3msrc_end[0m[2m=[0m140668723249152 [3mdest[0m[2m=[0m27754496 [3mexec[0m[2m=[0mtrue [3mprivate_data[0m[2m=[0mfalse [3mfile_backed[0m[2m=[0mtrue [3mshared[0m[2m=[0mfalse [3mgrowsdown[0m[2m=[0mfalse [3mis_brk[0m[2m=[0mfalse [3mflags[0m[2m=[0m117
[2m  71.469128800s[0m [31mERROR[0m [2mlitebox::mm::linux[0m[2m:[0m DIAG_VMA fork-relocation [3msrc_start[0m[2m=[0m140668723249152 [3msrc_end[0m[2m=[0m140668723601408 [3mdest[0m[2m=[0m29208576 [3mexec[0m[2m=[0mfalse [3mprivate_data[0m[2m=[0mfalse [3mfile_backed[0m[2m=[0mtrue [3mshared[0m[2m=[0mfalse [3mgrowsdown[0m[2m=[0mfalse [3mis_brk[0m[2m=[0mfalse [3mflags[0m[2m=[0m113
[2m  71.469989000s[0m [31mERROR[0m [2mlitebox::mm::linux[0m[2m:[0m DIAG_VMA fork-relocation [3msrc_start[0m[2m=[0m140668723601408 [3msrc_end[0m[2m=[0m140668723617792 [3mdest[0m[2m=[0m29560832 [3mexec[0m[2m=[0mfalse [3mprivate_data[0m[2m=[0mfalse [3mfile_backed[0m[2m=[0mtrue [3mshared[0m[2m=[0mfalse [3mgrowsdown[0m[2m=[0mfalse [3mis_brk[0m[2m=[0mfalse [3mflags[0m[2m=[0m113
[2m  71.470558900s[0m [31mERROR[0m [2mlitebox::mm::linux[0m[2m:[0m DIAG_VMA fork-relocation [3msrc_start[0m[2m=[0m140668723617792 [3msrc_end[0m[2m=[0m140668723625984 [3mdest[0m[2m=[0m29577216 [3mexec[0m[2m=[0mfalse [3mprivate_data[0m[2m=[0mtrue [3mfile_backed[0m[2m=[0mtrue [3mshared[0m[2m=[0mfalse [3mgrowsdown[0m[2m=[0mfalse [3mis_brk[0m[2m=[0mfalse [3mflags[0m[2m=[0m115
[2m  71.471333500s[0m [31mERROR[0m [2mlitebox::mm::linux[0m[2m:[0m DIAG_VMA fork-relocation [3msrc_start[0m[2m=[0m140668723625984 [3msrc_end[0m[2m=[0m140668723679232 [3mdest[0m[2m=[0m29585408 [3mexec[0m[2m=[0mfalse [3mprivate_data[0m[2m=[0mtrue [3mfile_backed[0m[2m=[0mfalse [3mshared[0m[2m=[0mfalse [3mgrowsdown[0m[2m=[0mfalse [3mis_brk[0m[2m=[0mfalse [3mflags[0m[2m=[0m115
[2m  71.472368200s[0m [31mERROR[0m [2mlitebox::mm::linux[0m[2m:[0m DIAG_VMA fork-relocation [3msrc_start[0m[2m=[0m140668723679232 [3msrc_end[0m[2m=[0m140668723691520 [3mdest[0m[2m=[0m29638656 [3mexec[0m[2m=[0mtrue [3mprivate_data[0m[2m=[0mfalse [3mfile_backed[0m[2m=[0mfalse [3mshared[0m[2m=[0mfalse [3mgrowsdown[0m[2m=[0mfalse [3mis_brk[0m[2m=[0mfalse [3mflags[0m[2m=[0m117
[2m  71.477880900s[0m [31mERROR[0m [2mlitebox::mm::linux[0m[2m:[0m DIAG_VMA fork-relocation [3msrc_start[0m[2m=[0m140668759371776 [3msrc_end[0m[2m=[0m140668767760384 [3mdest[0m[2m=[0m65331200 [3mexec[0m[2m=[0mfalse [3mprivate_data[0m[2m=[0mfalse [3mfile_backed[0m[2m=[0mfalse [3mshared[0m[2m=[0mfalse [3mgrowsdown[0m[2m=[0mtrue [3mis_brk[0m[2m=[0mfalse [3mflags[0m[2m=[0m371
[2m  71.477964800s[0m [31mERROR[0m [2mlitebox::mm::linux[0m[2m:[0m DIAG_VMA fork-relocation [3msrc_start[0m[2m=[0m140668768559104 [3msrc_end[0m[2m=[0m140668768571392 [3mdest[0m[2m=[0m74518528 [3mexec[0m[2m=[0mfalse [3mprivate_data[0m[2m=[0mtrue [3mfile_backed[0m[2m=[0mfalse [3mshared[0m[2m=[0mfalse [3mgrowsdown[0m[2m=[0mfalse [3mis_brk[0m[2m=[0mfalse [3mflags[0m[2m=[0m115
[2m  71.478008100s[0m [31mERROR[0m [2mlitebox::mm::linux[0m[2m:[0m DIAG_VMA fork-relocation [3msrc_start[0m[2m=[0m140668768571392 [3msrc_end[0m[2m=[0m140668768579584 [3mdest[0m[2m=[0m74530816 [3mexec[0m[2m=[0mfalse [3mprivate_data[0m[2m=[0mtrue [3mfile_backed[0m[2m=[0mfalse [3mshared[0m[2m=[0mfalse [3mgrowsdown[0m[2m=[0mfalse [3mis_brk[0m[2m=[0mfalse [3mflags[0m[2m=[0m115
[2m  71.478047200s[0m [31mERROR[0m [2mlitebox::mm::linux[0m[2m:[0m DIAG_VMA fork-relocation [3msrc_start[0m[2m=[0m140668768579584 [3msrc_end[0m[2m=[0m140668768583680 [3mdest[0m[2m=[0m74539008 [3mexec[0m[2m=[0mfalse [3mprivate_data[0m[2m=[0mfalse [3mfile_backed[0m[2m=[0mtrue [3mshared[0m[2m=[0mfalse [3mgrowsdown[0m[2m=[0mfalse [3mis_brk[0m[2m=[0mfalse [3mflags[0m[2m=[0m113
[2m  71.478238400s[0m [31mERROR[0m [2mlitebox::mm::linux[0m[2m:[0m DIAG_VMA fork-relocation [3msrc_start[0m[2m=[0m140668768583680 [3msrc_end[0m[2m=[0m140668768747520 [3mdest[0m[2m=[0m74543104 [3mexec[0m[2m=[0mtrue [3mprivate_data[0m[2m=[0mfalse [3mfile_backed[0m[2m=[0mtrue [3mshared[0m[2m=[0mfalse [3mgrowsdown[0m[2m=[0mfalse [3mis_brk[0m[2m=[0mfalse [3mflags[0m[2m=[0m117
[2m  71.478302800s[0m [31mERROR[0m [2mlitebox::mm::linux[0m[2m:[0m DIAG_VMA fork-relocation [3msrc_start[0m[2m=[0m140668768747520 [3msrc_end[0m[2m=[0m140668768792576 [3mdest[0m[2m=[0m74706944 [3mexec[0m[2m=[0mfalse [3mprivate_data[0m[2m=[0mfalse [3mfile_backed[0m[2m=[0mtrue [3mshared[0m[2m=[0mfalse [3mgrowsdown[0m[2m=[0mfalse [3mis_brk[0m[2m=[0mfalse [3mflags[0m[2m=[0m113
[2m  71.478333200s[0m [31mERROR[0m [2mlitebox::mm::linux[0m[2m:[0m DIAG_VMA fork-relocation [3msrc_start[0m[2m=[0m140668768792576 [3msrc_end[0m[2m=[0m140668768800768 [3mdest[0m[2m=[0m74752000 [3mexec[0m[2m=[0mfalse [3mprivate_data[0m[2m=[0mfalse [3mfile_backed[0m[2m=[0mtrue [3mshared[0m[2m=[0mfalse [3mgrowsdown[0m[2m=[0mfalse [3mis_brk[0m[2m=[0mfalse [3mflags[0m[2m=[0m113
[2m  71.478358200s[0m [31mERROR[0m [2mlitebox::mm::linux[0m[2m:[0m DIAG_VMA fork-relocation [3msrc_start[0m[2m=[0m140668768800768 [3msrc_end[0m[2m=[0m140668768804864 [3mdest[0m[2m=[0m74760192 [3mexec[0m[2m=[0mfalse [3mprivate_data[0m[2m=[0mtrue [3mfile_backed[0m[2m=[0mtrue [3mshared[0m[2m=[0mfalse [3mgrowsdown[0m[2m=[0mfalse [3mis_brk[0m[2m=[0mfalse [3mflags[0m[2m=[0m115
[2m  71.478378200s[0m [31mERROR[0m [2mlitebox::mm::linux[0m[2m:[0m DIAG_VMA fork-relocation [3msrc_start[0m[2m=[0m140668768804864 [3msrc_end[0m[2m=[0m140668768808960 [3mdest[0m[2m=[0m74764288 [3mexec[0m[2m=[0mfalse [3mprivate_data[0m[2m=[0mtrue [3mfile_backed[0m[2m=[0mfalse [3mshared[0m[2m=[0mfalse [3mgrowsdown[0m[2m=[0mfalse [3mis_brk[0m[2m=[0mfalse [3mflags[0m[2m=[0m115
[2m  71.478396400s[0m [31mERROR[0m [2mlitebox::mm::linux[0m[2m:[0m DIAG_VMA fork-relocation [3msrc_start[0m[2m=[0m140668768808960 [3msrc_end[0m[2m=[0m140668768813056 [3mdest[0m[2m=[0m74768384 [3mexec[0m[2m=[0mtrue [3mprivate_data[0m[2m=[0mfalse [3mfile_backed[0m[2m=[0mtrue [3mshared[0m[2m=[0mfalse [3mgrowsdown[0m[2m=[0mfalse [3mis_brk[0m[2m=[0mfalse [3mflags[0m[2m=[0m117
[2m  71.478452100s[0m [31mERROR[0m [2mlitebox_shim_linux::syscalls::process[0m[2m:[0m DIAG_HEAL wrote a pointer into an executable dest range [3mslot[0m[2m=[0m10617176 [3mold[0m[2m=[0m268755696 [3mnew[0m[2m=[0m10543856
[2m  71.478461500s[0m [31mERROR[0m [2mlitebox_shim_linux::syscalls::process[0m[2m:[0m DIAG_HEAL wrote a pointer into an executable dest range [3mslot[0m[2m=[0m10617208 [3mold[0m[2m=[0m268755696 [3mnew[0m[2m=[0m10543856
[2m  71.478469600s[0m [31mERROR[0m [2mlitebox_shim_linux::syscalls::process[0m[2m:[0m DIAG_HEAL wrote a pointer into an executable dest range [3mslot[0m[2m=[0m10617240 [3mold[0m[2m=[0m268733216 [3mnew[0m[2m=[0m10521376
[2m  71.478476000s[0m [31mERROR[0m [2mlitebox_shim_linux::syscalls::process[0m[2m:[0m DIAG_HEAL wrote a pointer into an executable dest range [3mslot[0m[2m=[0m10617368 [3mold[0m[2m=[0m268763760 [3mnew[0m[2m=[0m10551920
[2m  71.478711700s[0m [31mERROR[0m [2mlitebox_shim_linux::syscalls::process[0m[2m:[0m DIAG_HEAL wrote a pointer into an executable dest range [3mslot[0m[2m=[0m29582168 [3mold[0m[2m=[0m140668722306016 [3mnew[0m[2m=[0m28265440
[2m  71.478719500s[0m [31mERROR[0m [2mlitebox_shim_linux::syscalls::process[0m[2m:[0m DIAG_HEAL wrote a pointer into an executable dest range [3mslot[0m[2m=[0m29583040 [3mold[0m[2m=[0m140668721802976 [3mnew[0m[2m=[0m27762400
[2m  71.478871400s[0m [31mERROR[0m [2mlitebox_shim_linux::syscalls::process[0m[2m:[0m DIAG_HEAL wrote a pointer into an executable dest range [3mslot[0m[2m=[0m74531560 [3mold[0m[2m=[0m140668721802864 [3mnew[0m[2m=[0m27762288
[2m  71.478902600s[0m [31mERROR[0m [2mlitebox_shim_linux::syscalls::process[0m[2m:[0m DIAG_HEAL wrote a pointer into an executable dest range [3mslot[0m[2m=[0m74763880 [3mold[0m[2m=[0m140668768593456 [3mnew[0m[2m=[0m74552880
[2m  71.478913900s[0m [31mERROR[0m [2mlitebox_shim_linux::syscalls::process[0m[2m:[0m DIAG_HEAL wrote a pointer into an executable dest range [3mslot[0m[2m=[0m74766552 [3mold[0m[2m=[0m268715872 [3mnew[0m[2m=[0m10504032
[2m  71.478923300s[0m [31mERROR[0m [2mlitebox_shim_linux::syscalls::process[0m[2m:[0m diag: fixup_stale_elf_data_pointers summary [3mranges_seen[0m[2m=[0m9 [3mhealed_count[0m[2m=[0m619
[2m  71.479002900s[0m [31mERROR[0m [2mlitebox_shim_linux::syscalls::process[0m[2m:[0m DIAG_TIMELINE clone [3mpid[0m[2m=[0m1 [3mcomm[0m[2m=[0m[115, 104, 0, 0, 0, 0, 0, 0, 0, 0, 0, 0, 0, 0, 0, 0] [3mchild_tid[0m[2m=[0m2
[2m  71.479226800s[0m [31mERROR[0m [2mlitebox_shim_linux::syscalls::process[0m[2m:[0m diag: fixup_stale_elf_data_pointers summary [3mranges_seen[0m[2m=[0m0 [3mhealed_count[0m[2m=[0m0
[2m  71.479299700s[0m [31mERROR[0m [2mlitebox_shim_linux::syscalls::process[0m[2m:[0m DIAG_TIMELINE clone [3mpid[0m[2m=[0m1 [3mcomm[0m[2m=[0m[115, 104, 0, 0, 0, 0, 0, 0, 0, 0, 0, 0, 0, 0, 0, 0] [3mchild_tid[0m[2m=[0m3
[2m  71.479802900s[0m [31mERROR[0m [2mlitebox_shim_linux::syscalls::process[0m[2m:[0m DIAG_TIMELINE execve [3mpid[0m[2m=[0m3 [3mppid[0m[2m=[0m1 [3mcomm[0m[2m=[0m[115, 104, 0, 0, 0, 0, 0, 0, 0, 0, 0, 0, 0, 0, 0, 0] [3margv0[0m[2m=[0m/usr/bin/sleep
[2m  71.480127100s[0m [31mERROR[0m [2mlitebox::mm[0m[2m:[0m DIAG_CREATE_PAGES [3mrequested[0m[2m=[0mSome(269221888) [3mactual[0m[2m=[0m269221888 [3mlen[0m[2m=[0m49152 [3mend[0m[2m=[0m269271040
[2m  71.480153900s[0m [31mERROR[0m [2mlitebox_shim_linux::syscalls::mm[0m[2m:[0m DIAG_MMAP returned [3mtid[0m[2m=[0m3 [3maddr[0m[2m=[0m269221888 [3mlen[0m[2m=[0m49152 [3mflags[0m[2m=[0m34 [3mreturned[0m[2m=[0m269221888 [3mrelocated[0m[2m=[0mfalse
[2m  71.480249000s[0m [31mERROR[0m [2mlitebox::mm[0m[2m:[0m DIAG_CREATE_PAGES [3mrequested[0m[2m=[0mSome(269221888) [3mactual[0m[2m=[0m269221888 [3mlen[0m[2m=[0m8192 [3mend[0m[2m=[0m269230080
[2m  71.480301700s[0m [31mERROR[0m [2mlitebox_shim_linux::syscalls::mm[0m[2m:[0m DIAG_ELF_PATCH init-from-scratch (cache miss) [3mpid[0m[2m=[0m3 [3mfd[0m[2m=[0m3 [3mmapped_addr[0m[2m=[0m269221888 [3mexisting_keys[0m[2m=[0m[]
[2m  71.480345800s[0m [31mERROR[0m [2mlitebox_shim_linux::syscalls::mm[0m[2m:[0m DIAG_MMAP returned [3mtid[0m[2m=[0m3 [3maddr[0m[2m=[0m269221888 [3mlen[0m[2m=[0m8192 [3mflags[0m[2m=[0m18 [3mreturned[0m[2m=[0m269221888 [3mrelocated[0m[2m=[0mfalse
[2m  71.480408000s[0m [31mERROR[0m [2mlitebox::mm[0m[2m:[0m DIAG_CREATE_PAGES [3mrequested[0m[2m=[0mSome(269230080) [3mactual[0m[2m=[0m269230080 [3mlen[0m[2m=[0m20480 [3mend[0m[2m=[0m269250560
[2m  71.480509300s[0m [31mERROR[0m [2mlitebox_shim_linux::syscalls::mm[0m[2m:[0m DIAG_MMAP returned [3mtid[0m[2m=[0m3 [3maddr[0m[2m=[0m269230080 [3mlen[0m[2m=[0m20480 [3mflags[0m[2m=[0m18 [3mreturned[0m[2m=[0m269230080 [3mrelocated[0m[2m=[0mfalse
[2m  71.480549100s[0m [31mERROR[0m [2mlitebox::mm[0m[2m:[0m DIAG_CREATE_PAGES [3mrequested[0m[2m=[0mSome(269250560) [3mactual[0m[2m=[0m269250560 [3mlen[0m[2m=[0m12288 [3mend[0m[2m=[0m269262848
[2m  71.480595200s[0m [31mERROR[0m [2mlitebox_shim_linux::syscalls::mm[0m[2m:[0m DIAG_MMAP returned [3mtid[0m[2m=[0m3 [3maddr[0m[2m=[0m269250560 [3mlen[0m[2m=[0m12288 [3mflags[0m[2m=[0m18 [3mreturned[0m[2m=[0m269250560 [3mrelocated[0m[2m=[0mfalse
[2m  71.480628500s[0m [31mERROR[0m [2mlitebox::mm[0m[2m:[0m DIAG_CREATE_PAGES [3mrequested[0m[2m=[0mSome(269262848) [3mactual[0m[2m=[0m269262848 [3mlen[0m[2m=[0m8192 [3mend[0m[2m=[0m269271040
[2m  71.480642400s[0m [31mERROR[0m [2mlitebox_shim_linux::syscalls::mm[0m[2m:[0m DIAG_MMAP returned [3mtid[0m[2m=[0m3 [3maddr[0m[2m=[0m269262848 [3mlen[0m[2m=[0m8192 [3mflags[0m[2m=[0m18 [3mreturned[0m[2m=[0m269262848 [3mrelocated[0m[2m=[0mfalse
[2m  71.480662500s[0m [31mERROR[0m [2mlitebox::mm[0m[2m:[0m DIAG_CREATE_PAGES [3mrequested[0m[2m=[0mNone [3mactual[0m[2m=[0m74776576 [3mlen[0m[2m=[0m233472 [3mend[0m[2m=[0m75010048
[2m  71.480668800s[0m [31mERROR[0m [2mlitebox_shim_linux::syscalls::mm[0m[2m:[0m DIAG_MMAP returned [3mtid[0m[2m=[0m3 [3maddr[0m[2m=[0m0 [3mlen[0m[2m=[0m233472 [3mflags[0m[2m=[0m34 [3mreturned[0m[2m=[0m74776576 [3mrelocated[0m[2m=[0mfalse
[2m  71.480737900s[0m [31mERROR[0m [2mlitebox::mm[0m[2m:[0m DIAG_CREATE_PAGES [3mrequested[0m[2m=[0mSome(74776576) [3mactual[0m[2m=[0m74776576 [3mlen[0m[2m=[0m4096 [3mend[0m[2m=[0m74780672
[2m  71.480757900s[0m [31mERROR[0m [2mlitebox_shim_linux::syscalls::mm[0m[2m:[0m DIAG_ELF_PATCH init-from-scratch (cache miss) [3mpid[0m[2m=[0m3 [3mfd[0m[2m=[0m4 [3mmapped_addr[0m[2m=[0m74776576 [3mexisting_keys[0m[2m=[0m[(3, 3)]
[2m  71.480768200s[0m [31mERROR[0m [2mlitebox_shim_linux::syscalls::mm[0m[2m:[0m DIAG_MMAP returned [3mtid[0m[2m=[0m3 [3maddr[0m[2m=[0m74776576 [3mlen[0m[2m=[0m4096 [3mflags[0m[2m=[0m18 [3mreturned[0m[2m=[0m74776576 [3mrelocated[0m[2m=[0mfalse
[2m  71.480811800s[0m [31mERROR[0m [2mlitebox::mm[0m[2m:[0m DIAG_CREATE_PAGES [3mrequested[0m[2m=[0mSome(74780672) [3mactual[0m[2m=[0m74780672 [3mlen[0m[2m=[0m163840 [3mend[0m[2m=[0m74944512
[2m  71.480916700s[0m [31mERROR[0m [2mlitebox::mm[0m[2m:[0m DIAG_CREATE_PAGES [3mrequested[0m[2m=[0mSome(75005952) [3mactual[0m[2m=[0m75005952 [3mlen[0m[2m=[0m4096 [3mend[0m[2m=[0m75010048
[2m  71.480938800s[0m [31mERROR[0m [2mlitebox_shim_linux::syscalls::mm[0m[2m:[0m DIAG_MMAP returned [3mtid[0m[2m=[0m3 [3maddr[0m[2m=[0m74780672 [3mlen[0m[2m=[0m163840 [3mflags[0m[2m=[0m18 [3mreturned[0m[2m=[0m74780672 [3mrelocated[0m[2m=[0mfalse
[2m  71.480978700s[0m [31mERROR[0m [2mlitebox::mm[0m[2m:[0m DIAG_CREATE_PAGES [3mrequested[0m[2m=[0mSome(74944512) [3mactual[0m[2m=[0m74944512 [3mlen[0m[2m=[0m45056 [3mend[0m[2m=[0m74989568
[2m  71.481018700s[0m [31mERROR[0m [2mlitebox_shim_linux::syscalls::mm[0m[2m:[0m DIAG_MMAP returned [3mtid[0m[2m=[0m3 [3maddr[0m[2m=[0m74944512 [3mlen[0m[2m=[0m45056 [3mflags[0m[2m=[0m18 [3mreturned[0m[2m=[0m74944512 [3mrelocated[0m[2m=[0mfalse
[2m  71.481054800s[0m [31mERROR[0m [2mlitebox::mm[0m[2m:[0m DIAG_CREATE_PAGES [3mrequested[0m[2m=[0mSome(74989568) [3mactual[0m[2m=[0m74989568 [3mlen[0m[2m=[0m12288 [3mend[0m[2m=[0m75001856
[2m  71.481072500s[0m [31mERROR[0m [2mlitebox_shim_linux::syscalls::mm[0m[2m:[0m DIAG_MMAP returned [3mtid[0m[2m=[0m3 [3maddr[0m[2m=[0m74989568 [3mlen[0m[2m=[0m12288 [3mflags[0m[2m=[0m18 [3mreturned[0m[2m=[0m74989568 [3mrelocated[0m[2m=[0mfalse
[2m  71.481089300s[0m [31mERROR[0m [2mlitebox::mm[0m[2m:[0m DIAG_CREATE_PAGES [3mrequested[0m[2m=[0mSome(75001856) [3mactual[0m[2m=[0m75001856 [3mlen[0m[2m=[0m4096 [3mend[0m[2m=[0m75005952
[2m  71.481095600s[0m [31mERROR[0m [2mlitebox_shim_linux::syscalls::mm[0m[2m:[0m DIAG_MMAP returned [3mtid[0m[2m=[0m3 [3maddr[0m[2m=[0m75001856 [3mlen[0m[2m=[0m4096 [3mflags[0m[2m=[0m50 [3mreturned[0m[2m=[0m75001856 [3mrelocated[0m[2m=[0mfalse
[2m  71.481131600s[0m [31mERROR[0m [2mlitebox::mm[0m[2m:[0m DIAG_CREATE_PAGES [3mrequested[0m[2m=[0mSome(75005952) [3mactual[0m[2m=[0m75005952 [3mlen[0m[2m=[0m4096 [3mend[0m[2m=[0m75010048
[2m  71.481142300s[0m [31mERROR[0m [2mlitebox_shim_linux::syscalls::mm[0m[2m:[0m DIAG_MMAP returned [3mtid[0m[2m=[0m3 [3maddr[0m[2m=[0m75005952 [3mlen[0m[2m=[0m4096 [3mflags[0m[2m=[0m18 [3mreturned[0m[2m=[0m75005952 [3mrelocated[0m[2m=[0mfalse
[2m  71.481295600s[0m [31mERROR[0m [2mlitebox::mm[0m[2m:[0m DIAG_CREATE_PAGES [3mrequested[0m[2m=[0mNone [3mactual[0m[2m=[0m75038720 [3mlen[0m[2m=[0m8388608 [3mend[0m[2m=[0m83427328
[2m  71.481460000s[0m [31mERROR[0m [2mlitebox::mm[0m[2m:[0m DIAG_CREATE_PAGES [3mrequested[0m[2m=[0mNone [3mactual[0m[2m=[0m140668751994880 [3mlen[0m[2m=[0m40960 [3mend[0m[2m=[0m140668752035840
[2m  71.481521600s[0m [31mERROR[0m [2mlitebox_shim_linux::syscalls::mm[0m[2m:[0m DIAG_ELF_PATCH init-from-scratch (cache miss) [3mpid[0m[2m=[0m3 [3mfd[0m[2m=[0m3 [3mmapped_addr[0m[2m=[0m140668751994880 [3mexisting_keys[0m[2m=[0m[]
[2m  71.481531100s[0m [31mERROR[0m [2mlitebox_shim_linux::syscalls::mm[0m[2m:[0m DIAG_MMAP returned [3mtid[0m[2m=[0m3 [3maddr[0m[2m=[0m0 [3mlen[0m[2m=[0m40960 [3mflags[0m[2m=[0m2 [3mreturned[0m[2m=[0m140668751994880 [3mrelocated[0m[2m=[0mfalse
[2m  71.481583000s[0m [31mERROR[0m [2mlitebox::mm[0m[2m:[0m DIAG_CREATE_PAGES [3mrequested[0m[2m=[0mNone [3mactual[0m[2m=[0m83427328 [3mlen[0m[2m=[0m8192 [3mend[0m[2m=[0m83435520
[2m  71.481591000s[0m [31mERROR[0m [2mlitebox_shim_linux::syscalls::mm[0m[2m:[0m DIAG_MMAP returned [3mtid[0m[2m=[0m3 [3maddr[0m[2m=[0m0 [3mlen[0m[2m=[0m8192 [3mflags[0m[2m=[0m34 [3mreturned[0m[2m=[0m83427328 [3mrelocated[0m[2m=[0mfalse
[2m  71.482280400s[0m [31mERROR[0m [2mlitebox::mm[0m[2m:[0m DIAG_CREATE_PAGES [3mrequested[0m[2m=[0mNone [3mactual[0m[2m=[0m140668733169664 [3mlen[0m[2m=[0m2048000 [3mend[0m[2m=[0m140668735217664
[2m  71.483175700s[0m [31mERROR[0m [2mlitebox_shim_linux::syscalls::mm[0m[2m:[0m DIAG_ELF_PATCH init-from-scratch (cache miss) [3mpid[0m[2m=[0m3 [3mfd[0m[2m=[0m3 [3mmapped_addr[0m[2m=[0m140668733169664 [3mexisting_keys[0m[2m=[0m[]
[2m  71.483188600s[0m [31mERROR[0m [2mlitebox_shim_linux::syscalls::mm[0m[2m:[0m DIAG_MMAP returned [3mtid[0m[2m=[0m3 [3maddr[0m[2m=[0m0 [3mlen[0m[2m=[0m2048000 [3mflags[0m[2m=[0m2050 [3mreturned[0m[2m=[0m140668733169664 [3mrelocated[0m[2m=[0mfalse
[2m  71.483777700s[0m [31mERROR[0m [2mlitebox::mm[0m[2m:[0m DIAG_CREATE_PAGES [3mrequested[0m[2m=[0mSome(140668733333504) [3mactual[0m[2m=[0m140668733333504 [3mlen[0m[2m=[0m1454080 [3mend[0m[2m=[0m140668734787584
[2m  71.484298100s[0m [31mERROR[0m [2mlitebox::mm[0m[2m:[0m DIAG_CREATE_PAGES [3mrequested[0m[2m=[0mSome(140668735217664) [3mactual[0m[2m=[0m140668735217664 [3mlen[0m[2m=[0m12288 [3mend[0m[2m=[0m140668735229952
[2m  71.484325700s[0m [31mERROR[0m [2mlitebox_shim_linux::syscalls::mm[0m[2m:[0m DIAG_MMAP returned [3mtid[0m[2m=[0m3 [3maddr[0m[2m=[0m140668733333504 [3mlen[0m[2m=[0m1454080 [3mflags[0m[2m=[0m2066 [3mreturned[0m[2m=[0m140668733333504 [3mrelocated[0m[2m=[0mfalse
[2m  71.484813700s[0m [31mERROR[0m [2mlitebox::mm[0m[2m:[0m DIAG_CREATE_PAGES [3mrequested[0m[2m=[0mSome(140668734787584) [3mactual[0m[2m=[0m140668734787584 [3mlen[0m[2m=[0m352256 [3mend[0m[2m=[0m140668735139840
[2m  71.484940800s[0m [31mERROR[0m [2mlitebox_shim_linux::syscalls::mm[0m[2m:[0m DIAG_MMAP returned [3mtid[0m[2m=[0m3 [3maddr[0m[2m=[0m140668734787584 [3mlen[0m[2m=[0m352256 [3mflags[0m[2m=[0m2066 [3mreturned[0m[2m=[0m140668734787584 [3mrelocated[0m[2m=[0mfalse
[2m  71.485297700s[0m [31mERROR[0m [2mlitebox::mm[0m[2m:[0m DIAG_CREATE_PAGES [3mrequested[0m[2m=[0mSome(140668735139840) [3mactual[0m[2m=[0m140668735139840 [3mlen[0m[2m=[0m24576 [3mend[0m[2m=[0m140668735164416
[2m  71.485319900s[0m [31mERROR[0m [2mlitebox_shim_linux::syscalls::mm[0m[2m:[0m DIAG_MMAP returned [3mtid[0m[2m=[0m3 [3maddr[0m[2m=[0m140668735139840 [3mlen[0m[2m=[0m24576 [3mflags[0m[2m=[0m2066 [3mreturned[0m[2m=[0m140668735139840 [3mrelocated[0m[2m=[0mfalse
[2m  71.485344400s[0m [31mERROR[0m [2mlitebox::mm[0m[2m:[0m DIAG_CREATE_PAGES [3mrequested[0m[2m=[0mSome(140668735164416) [3mactual[0m[2m=[0m140668735164416 [3mlen[0m[2m=[0m53248 [3mend[0m[2m=[0m140668735217664
[2m  71.485351400s[0m [31mERROR[0m [2mlitebox_shim_linux::syscalls::mm[0m[2m:[0m DIAG_MMAP returned [3mtid[0m[2m=[0m3 [3maddr[0m[2m=[0m140668735164416 [3mlen[0m[2m=[0m53248 [3mflags[0m[2m=[0m50 [3mreturned[0m[2m=[0m140668735164416 [3mrelocated[0m[2m=[0mfalse
[2m  71.485383500s[0m [31mERROR[0m [2mlitebox::mm[0m[2m:[0m DIAG_CREATE_PAGES [3mrequested[0m[2m=[0mNone [3mactual[0m[2m=[0m83492864 [3mlen[0m[2m=[0m12288 [3mend[0m[2m=[0m83505152
[2m  71.485390200s[0m [31mERROR[0m [2mlitebox_shim_linux::syscalls::mm[0m[2m:[0m DIAG_MMAP returned [3mtid[0m[2m=[0m3 [3maddr[0m[2m=[0m0 [3mlen[0m[2m=[0m12288 [3mflags[0m[2m=[0m34 [3mreturned[0m[2m=[0m83492864 [3mrelocated[0m[2m=[0mfalse
[presenter-diag] creating surface
[presenter-diag] requesting adapter
[2m  71.544774800s[0m [31mERROR[0m [2mlitebox_shim_linux::syscalls::process[0m[2m:[0m DIAG_TIMELINE execve [3mpid[0m[2m=[0m2 [3mppid[0m[2m=[0m1 [3mcomm[0m[2m=[0m[115, 104, 0, 0, 0, 0, 0, 0, 0, 0, 0, 0, 0, 0, 0, 0] [3margv0[0m[2m=[0m/bin/sh
[2m  71.546809900s[0m [31mERROR[0m [2mlitebox::mm[0m[2m:[0m DIAG_CREATE_PAGES [3mrequested[0m[2m=[0mSome(268959744) [3mactual[0m[2m=[0m268959744 [3mlen[0m[2m=[0m143360 [3mend[0m[2m=[0m269103104
[2m  71.546833900s[0m [31mERROR[0m [2mlitebox_shim_linux::syscalls::mm[0m[2m:[0m DIAG_MMAP returned [3mtid[0m[2m=[0m2 [3maddr[0m[2m=[0m268959744 [3mlen[0m[2m=[0m143360 [3mflags[0m[2m=[0m34 [3mreturned[0m[2m=[0m268959744 [3mrelocated[0m[2m=[0mfalse
[2m  71.546897000s[0m [31mERROR[0m [2mlitebox::mm[0m[2m:[0m DIAG_CREATE_PAGES [3mrequested[0m[2m=[0mSome(268959744) [3mactual[0m[2m=[0m268959744 [3mlen[0m[2m=[0m16384 [3mend[0m[2m=[0m268976128
[2m  71.546931100s[0m [31mERROR[0m [2mlitebox_shim_linux::syscalls::mm[0m[2m:[0m DIAG_ELF_PATCH init-from-scratch (cache miss) [3mpid[0m[2m=[0m2 [3mfd[0m[2m=[0m3 [3mmapped_addr[0m[2m=[0m268959744 [3mexisting_keys[0m[2m=[0m[]
[2m  71.546945200s[0m [31mERROR[0m [2mlitebox_shim_linux::syscalls::mm[0m[2m:[0m DIAG_MMAP returned [3mtid[0m[2m=[0m2 [3maddr[0m[2m=[0m268959744 [3mlen[0m[2m=[0m16384 [3mflags[0m[2m=[0m18 [3mreturned[0m[2m=[0m268959744 [3mrelocated[0m[2m=[0mfalse
[2m  71.546984000s[0m [31mERROR[0m [2mlitebox::mm[0m[2m:[0m DIAG_CREATE_PAGES [3mrequested[0m[2m=[0mSome(268976128) [3mactual[0m[2m=[0m268976128 [3mlen[0m[2m=[0m81920 [3mend[0m[2m=[0m269058048
[2m  71.547054000s[0m [31mERROR[0m [2mlitebox_shim_linux::syscalls::mm[0m[2m:[0m DIAG_MMAP returned [3mtid[0m[2m=[0m2 [3maddr[0m[2m=[0m268976128 [3mlen[0m[2m=[0m81920 [3mflags[0m[2m=[0m18 [3mreturned[0m[2m=[0m268976128 [3mrelocated[0m[2m=[0mfalse
[2m  71.547095200s[0m [31mERROR[0m [2mlitebox::mm[0m[2m:[0m DIAG_CREATE_PAGES [3mrequested[0m[2m=[0mSome(269058048) [3mactual[0m[2m=[0m269058048 [3mlen[0m[2m=[0m24576 [3mend[0m[2m=[0m269082624
[2m  71.547126400s[0m [31mERROR[0m [2mlitebox_shim_linux::syscalls::mm[0m[2m:[0m DIAG_MMAP returned [3mtid[0m[2m=[0m2 [3maddr[0m[2m=[0m269058048 [3mlen[0m[2m=[0m24576 [3mflags[0m[2m=[0m18 [3mreturned[0m[2m=[0m269058048 [3mrelocated[0m[2m=[0mfalse
[2m  71.547156400s[0m [31mERROR[0m [2mlitebox::mm[0m[2m:[0m DIAG_CREATE_PAGES [3mrequested[0m[2m=[0mSome(269082624) [3mactual[0m[2m=[0m269082624 [3mlen[0m[2m=[0m12288 [3mend[0m[2m=[0m269094912
[2m  71.547174100s[0m [31mERROR[0m [2mlitebox_shim_linux::syscalls::mm[0m[2m:[0m DIAG_MMAP returned [3mtid[0m[2m=[0m2 [3maddr[0m[2m=[0m269082624 [3mlen[0m[2m=[0m12288 [3mflags[0m[2m=[0m18 [3mreturned[0m[2m=[0m269082624 [3mrelocated[0m[2m=[0mfalse
[2m  71.547193200s[0m [31mERROR[0m [2mlitebox::mm[0m[2m:[0m DIAG_CREATE_PAGES [3mrequested[0m[2m=[0mSome(269094912) [3mactual[0m[2m=[0m269094912 [3mlen[0m[2m=[0m8192 [3mend[0m[2m=[0m269103104
[2m  71.547201700s[0m [31mERROR[0m [2mlitebox_shim_linux::syscalls::mm[0m[2m:[0m DIAG_MMAP returned [3mtid[0m[2m=[0m2 [3maddr[0m[2m=[0m269094912 [3mlen[0m[2m=[0m8192 [3mflags[0m[2m=[0m50 [3mreturned[0m[2m=[0m269094912 [3mrelocated[0m[2m=[0mfalse
[2m  71.547222000s[0m [31mERROR[0m [2mlitebox::mm[0m[2m:[0m DIAG_CREATE_PAGES [3mrequested[0m[2m=[0mNone [3mactual[0m[2m=[0m83558400 [3mlen[0m[2m=[0m233472 [3mend[0m[2m=[0m83791872
[2m  71.547230900s[0m [31mERROR[0m [2mlitebox_shim_linux::syscalls::mm[0m[2m:[0m DIAG_MMAP returned [3mtid[0m[2m=[0m2 [3maddr[0m[2m=[0m0 [3mlen[0m[2m=[0m233472 [3mflags[0m[2m=[0m34 [3mreturned[0m[2m=[0m83558400 [3mrelocated[0m[2m=[0mfalse
[2m  71.547299900s[0m [31mERROR[0m [2mlitebox::mm[0m[2m:[0m DIAG_CREATE_PAGES [3mrequested[0m[2m=[0mSome(83558400) [3mactual[0m[2m=[0m83558400 [3mlen[0m[2m=[0m4096 [3mend[0m[2m=[0m83562496
[2m  71.547323900s[0m [31mERROR[0m [2mlitebox_shim_linux::syscalls::mm[0m[2m:[0m DIAG_ELF_PATCH init-from-scratch (cache miss) [3mpid[0m[2m=[0m2 [3mfd[0m[2m=[0m4 [3mmapped_addr[0m[2m=[0m83558400 [3mexisting_keys[0m[2m=[0m[(2, 3)]
[2m  71.547336800s[0m [31mERROR[0m [2mlitebox_shim_linux::syscalls::mm[0m[2m:[0m DIAG_MMAP returned [3mtid[0m[2m=[0m2 [3maddr[0m[2m=[0m83558400 [3mlen[0m[2m=[0m4096 [3mflags[0m[2m=[0m18 [3mreturned[0m[2m=[0m83558400 [3mrelocated[0m[2m=[0mfalse
[2m  71.547393200s[0m [31mERROR[0m [2mlitebox::mm[0m[2m:[0m DIAG_CREATE_PAGES [3mrequested[0m[2m=[0mSome(83562496) [3mactual[0m[2m=[0m83562496 [3mlen[0m[2m=[0m163840 [3mend[0m[2m=[0m83726336
[2m  71.547509600s[0m [31mERROR[0m [2mlitebox::mm[0m[2m:[0m DIAG_CREATE_PAGES [3mrequested[0m[2m=[0mSome(83787776) [3mactual[0m[2m=[0m83787776 [3mlen[0m[2m=[0m4096 [3mend[0m[2m=[0m83791872
[2m  71.547531900s[0m [31mERROR[0m [2mlitebox_shim_linux::syscalls::mm[0m[2m:[0m DIAG_MMAP returned [3mtid[0m[2m=[0m2 [3maddr[0m[2m=[0m83562496 [3mlen[0m[2m=[0m163840 [3mflags[0m[2m=[0m18 [3mreturned[0m[2m=[0m83562496 [3mrelocated[0m[2m=[0mfalse
[2m  71.547577900s[0m [31mERROR[0m [2mlitebox::mm[0m[2m:[0m DIAG_CREATE_PAGES [3mrequested[0m[2m=[0mSome(83726336) [3mactual[0m[2m=[0m83726336 [3mlen[0m[2m=[0m45056 [3mend[0m[2m=[0m83771392
[2m  71.547622600s[0m [31mERROR[0m [2mlitebox_shim_linux::syscalls::mm[0m[2m:[0m DIAG_MMAP returned [3mtid[0m[2m=[0m2 [3maddr[0m[2m=[0m83726336 [3mlen[0m[2m=[0m45056 [3mflags[0m[2m=[0m18 [3mreturned[0m[2m=[0m83726336 [3mrelocated[0m[2m=[0mfalse
[2m  71.547659800s[0m [31mERROR[0m [2mlitebox::mm[0m[2m:[0m DIAG_CREATE_PAGES [3mrequested[0m[2m=[0mSome(83771392) [3mactual[0m[2m=[0m83771392 [3mlen[0m[2m=[0m12288 [3mend[0m[2m=[0m83783680
[2m  71.547680000s[0m [31mERROR[0m [2mlitebox_shim_linux::syscalls::mm[0m[2m:[0m DIAG_MMAP returned [3mtid[0m[2m=[0m2 [3maddr[0m[2m=[0m83771392 [3mlen[0m[2m=[0m12288 [3mflags[0m[2m=[0m18 [3mreturned[0m[2m=[0m83771392 [3mrelocated[0m[2m=[0mfalse
[2m  71.547701100s[0m [31mERROR[0m [2mlitebox::mm[0m[2m:[0m DIAG_CREATE_PAGES [3mrequested[0m[2m=[0mSome(83783680) [3mactual[0m[2m=[0m83783680 [3mlen[0m[2m=[0m4096 [3mend[0m[2m=[0m83787776
[2m  71.547712200s[0m [31mERROR[0m [2mlitebox_shim_linux::syscalls::mm[0m[2m:[0m DIAG_MMAP returned [3mtid[0m[2m=[0m2 [3maddr[0m[2m=[0m83783680 [3mlen[0m[2m=[0m4096 [3mflags[0m[2m=[0m50 [3mreturned[0m[2m=[0m83783680 [3mrelocated[0m[2m=[0mfalse
[2m  71.547750700s[0m [31mERROR[0m [2mlitebox::mm[0m[2m:[0m DIAG_CREATE_PAGES [3mrequested[0m[2m=[0mSome(83787776) [3mactual[0m[2m=[0m83787776 [3mlen[0m[2m=[0m4096 [3mend[0m[2m=[0m83791872
[2m  71.547767300s[0m [31mERROR[0m [2mlitebox_shim_linux::syscalls::mm[0m[2m:[0m DIAG_MMAP returned [3mtid[0m[2m=[0m2 [3maddr[0m[2m=[0m83787776 [3mlen[0m[2m=[0m4096 [3mflags[0m[2m=[0m18 [3mreturned[0m[2m=[0m83787776 [3mrelocated[0m[2m=[0mfalse
[2m  71.547962100s[0m [31mERROR[0m [2mlitebox::mm[0m[2m:[0m DIAG_CREATE_PAGES [3mrequested[0m[2m=[0mNone [3mactual[0m[2m=[0m83820544 [3mlen[0m[2m=[0m8388608 [3mend[0m[2m=[0m92209152
[2m  71.548102700s[0m [31mERROR[0m [2mlitebox::mm[0m[2m:[0m DIAG_CREATE_PAGES [3mrequested[0m[2m=[0mNone [3mactual[0m[2m=[0m140668751994880 [3mlen[0m[2m=[0m40960 [3mend[0m[2m=[0m140668752035840
[2m  71.548149400s[0m [31mERROR[0m [2mlitebox_shim_linux::syscalls::mm[0m[2m:[0m DIAG_ELF_PATCH init-from-scratch (cache miss) [3mpid[0m[2m=[0m2 [3mfd[0m[2m=[0m3 [3mmapped_addr[0m[2m=[0m140668751994880 [3mexisting_keys[0m[2m=[0m[]
[2m  71.548160200s[0m [31mERROR[0m [2mlitebox_shim_linux::syscalls::mm[0m[2m:[0m DIAG_MMAP returned [3mtid[0m[2m=[0m2 [3maddr[0m[2m=[0m0 [3mlen[0m[2m=[0m40960 [3mflags[0m[2m=[0m2 [3mreturned[0m[2m=[0m140668751994880 [3mrelocated[0m[2m=[0mfalse
[2m  71.548214200s[0m [31mERROR[0m [2mlitebox::mm[0m[2m:[0m DIAG_CREATE_PAGES [3mrequested[0m[2m=[0mNone [3mactual[0m[2m=[0m92209152 [3mlen[0m[2m=[0m8192 [3mend[0m[2m=[0m92217344
[2m  71.548224200s[0m [31mERROR[0m [2mlitebox_shim_linux::syscalls::mm[0m[2m:[0m DIAG_MMAP returned [3mtid[0m[2m=[0m2 [3maddr[0m[2m=[0m0 [3mlen[0m[2m=[0m8192 [3mflags[0m[2m=[0m34 [3mreturned[0m[2m=[0m92209152 [3mrelocated[0m[2m=[0mfalse
[2m  71.548970900s[0m [31mERROR[0m [2mlitebox::mm[0m[2m:[0m DIAG_CREATE_PAGES [3mrequested[0m[2m=[0mNone [3mactual[0m[2m=[0m92274688 [3mlen[0m[2m=[0m2048000 [3mend[0m[2m=[0m94322688
[2m  71.550150400s[0m [31mERROR[0m [2mlitebox_shim_linux::syscalls::mm[0m[2m:[0m DIAG_ELF_PATCH init-from-scratch (cache miss) [3mpid[0m[2m=[0m2 [3mfd[0m[2m=[0m3 [3mmapped_addr[0m[2m=[0m92274688 [3mexisting_keys[0m[2m=[0m[]
[2m  71.550203800s[0m [31mERROR[0m [2mlitebox_shim_linux::syscalls::mm[0m[2m:[0m DIAG_MMAP returned [3mtid[0m[2m=[0m2 [3maddr[0m[2m=[0m0 [3mlen[0m[2m=[0m2048000 [3mflags[0m[2m=[0m2050 [3mreturned[0m[2m=[0m92274688 [3mrelocated[0m[2m=[0mfalse
[2m  71.551128500s[0m [31mERROR[0m [2mlitebox::mm[0m[2m:[0m DIAG_CREATE_PAGES [3mrequested[0m[2m=[0mSome(92438528) [3mactual[0m[2m=[0m92438528 [3mlen[0m[2m=[0m1454080 [3mend[0m[2m=[0m93892608
[2m  71.551880800s[0m [31mERROR[0m [2mlitebox::mm[0m[2m:[0m DIAG_CREATE_PAGES [3mrequested[0m[2m=[0mSome(94322688) [3mactual[0m[2m=[0m94322688 [3mlen[0m[2m=[0m12288 [3mend[0m[2m=[0m94334976
[2m  71.551935900s[0m [31mERROR[0m [2mlitebox_shim_linux::syscalls::mm[0m[2m:[0m DIAG_MMAP returned [3mtid[0m[2m=[0m2 [3maddr[0m[2m=[0m92438528 [3mlen[0m[2m=[0m1454080 [3mflags[0m[2m=[0m2066 [3mreturned[0m[2m=[0m92438528 [3mrelocated[0m[2m=[0mfalse
[2m  71.552703200s[0m [31mERROR[0m [2mlitebox::mm[0m[2m:[0m DIAG_CREATE_PAGES [3mrequested[0m[2m=[0mSome(93892608) [3mactual[0m[2m=[0m93892608 [3mlen[0m[2m=[0m352256 [3mend[0m[2m=[0m94244864
[2m  71.552890500s[0m [31mERROR[0m [2mlitebox_shim_linux::syscalls::mm[0m[2m:[0m DIAG_MMAP returned [3mtid[0m[2m=[0m2 [3maddr[0m[2m=[0m93892608 [3mlen[0m[2m=[0m352256 [3mflags[0m[2m=[0m2066 [3mreturned[0m[2m=[0m93892608 [3mrelocated[0m[2m=[0mfalse
[2m  71.553408700s[0m [31mERROR[0m [2mlitebox::mm[0m[2m:[0m DIAG_CREATE_PAGES [3mrequested[0m[2m=[0mSome(94244864) [3mactual[0m[2m=[0m94244864 [3mlen[0m[2m=[0m24576 [3mend[0m[2m=[0m94269440
[2m  71.553445700s[0m [31mERROR[0m [2mlitebox_shim_linux::syscalls::mm[0m[2m:[0m DIAG_MMAP returned [3mtid[0m[2m=[0m2 [3maddr[0m[2m=[0m94244864 [3mlen[0m[2m=[0m24576 [3mflags[0m[2m=[0m2066 [3mreturned[0m[2m=[0m94244864 [3mrelocated[0m[2m=[0mfalse
[2m  71.553491700s[0m [31mERROR[0m [2mlitebox::mm[0m[2m:[0m DIAG_CREATE_PAGES [3mrequested[0m[2m=[0mSome(94269440) [3mactual[0m[2m=[0m94269440 [3mlen[0m[2m=[0m53248 [3mend[0m[2m=[0m94322688
[2m  71.553505400s[0m [31mERROR[0m [2mlitebox_shim_linux::syscalls::mm[0m[2m:[0m DIAG_MMAP returned [3mtid[0m[2m=[0m2 [3maddr[0m[2m=[0m94269440 [3mlen[0m[2m=[0m53248 [3mflags[0m[2m=[0m50 [3mreturned[0m[2m=[0m94269440 [3mrelocated[0m[2m=[0mfalse
[2m  71.553560000s[0m [31mERROR[0m [2mlitebox::mm[0m[2m:[0m DIAG_CREATE_PAGES [3mrequested[0m[2m=[0mNone [3mactual[0m[2m=[0m94371840 [3mlen[0m[2m=[0m12288 [3mend[0m[2m=[0m94384128
[2m  71.553575100s[0m [31mERROR[0m [2mlitebox_shim_linux::syscalls::mm[0m[2m:[0m DIAG_MMAP returned [3mtid[0m[2m=[0m2 [3maddr[0m[2m=[0m0 [3mlen[0m[2m=[0m12288 [3mflags[0m[2m=[0m34 [3mreturned[0m[2m=[0m94371840 [3mrelocated[0m[2m=[0mfalse
[2m  71.553873500s[0m [31mERROR[0m [2mlitebox_shim_linux::syscalls::process[0m[2m:[0m DIAG_TIMELINE execve [3mpid[0m[2m=[0m2 [3mppid[0m[2m=[0m1 [3mcomm[0m[2m=[0m[115, 104, 0, 0, 0, 0, 0, 0, 0, 0, 0, 0, 0, 0, 0, 0] [3margv0[0m[2m=[0m/usr/bin/Xorg
[2m  71.554649300s[0m [31mERROR[0m [2mlitebox::mm[0m[2m:[0m DIAG_CREATE_PAGES [3mrequested[0m[2m=[0mSome(268959744) [3mactual[0m[2m=[0m268959744 [3mlen[0m[2m=[0m143360 [3mend[0m[2m=[0m269103104
[2m  71.554669000s[0m [31mERROR[0m [2mlitebox_shim_linux::syscalls::mm[0m[2m:[0m DIAG_MMAP returned [3mtid[0m[2m=[0m2 [3maddr[0m[2m=[0m268959744 [3mlen[0m[2m=[0m143360 [3mflags[0m[2m=[0m34 [3mreturned[0m[2m=[0m268959744 [3mrelocated[0m[2m=[0mfalse
[2m  71.554726100s[0m [31mERROR[0m [2mlitebox::mm[0m[2m:[0m DIAG_CREATE_PAGES [3mrequested[0m[2m=[0mSome(268959744) [3mactual[0m[2m=[0m268959744 [3mlen[0m[2m=[0m16384 [3mend[0m[2m=[0m268976128
[2m  71.554771700s[0m [31mERROR[0m [2mlitebox_shim_linux::syscalls::mm[0m[2m:[0m DIAG_ELF_PATCH init-from-scratch (cache miss) [3mpid[0m[2m=[0m2 [3mfd[0m[2m=[0m3 [3mmapped_addr[0m[2m=[0m268959744 [3mexisting_keys[0m[2m=[0m[]
[2m  71.554790100s[0m [31mERROR[0m [2mlitebox_shim_linux::syscalls::mm[0m[2m:[0m DIAG_MMAP returned [3mtid[0m[2m=[0m2 [3maddr[0m[2m=[0m268959744 [3mlen[0m[2m=[0m16384 [3mflags[0m[2m=[0m18 [3mreturned[0m[2m=[0m268959744 [3mrelocated[0m[2m=[0mfalse
[2m  71.554837500s[0m [31mERROR[0m [2mlitebox::mm[0m[2m:[0m DIAG_CREATE_PAGES [3mrequested[0m[2m=[0mSome(268976128) [3mactual[0m[2m=[0m268976128 [3mlen[0m[2m=[0m81920 [3mend[0m[2m=[0m269058048
[2m  71.554924600s[0m [31mERROR[0m [2mlitebox_shim_linux::syscalls::mm[0m[2m:[0m DIAG_MMAP returned [3mtid[0m[2m=[0m2 [3maddr[0m[2m=[0m268976128 [3mlen[0m[2m=[0m81920 [3mflags[0m[2m=[0m18 [3mreturned[0m[2m=[0m268976128 [3mrelocated[0m[2m=[0mfalse
[2m  71.554976900s[0m [31mERROR[0m [2mlitebox::mm[0m[2m:[0m DIAG_CREATE_PAGES [3mrequested[0m[2m=[0mSome(269058048) [3mactual[0m[2m=[0m269058048 [3mlen[0m[2m=[0m24576 [3mend[0m[2m=[0m269082624
[2m  71.555018800s[0m [31mERROR[0m [2mlitebox_shim_linux::syscalls::mm[0m[2m:[0m DIAG_MMAP returned [3mtid[0m[2m=[0m2 [3maddr[0m[2m=[0m269058048 [3mlen[0m[2m=[0m24576 [3mflags[0m[2m=[0m18 [3mreturned[0m[2m=[0m269058048 [3mrelocated[0m[2m=[0mfalse
[2m  71.555057500s[0m [31mERROR[0m [2mlitebox::mm[0m[2m:[0m DIAG_CREATE_PAGES [3mrequested[0m[2m=[0mSome(269082624) [3mactual[0m[2m=[0m269082624 [3mlen[0m[2m=[0m12288 [3mend[0m[2m=[0m269094912
[2m  71.555080700s[0m [31mERROR[0m [2mlitebox_shim_linux::syscalls::mm[0m[2m:[0m DIAG_MMAP returned [3mtid[0m[2m=[0m2 [3maddr[0m[2m=[0m269082624 [3mlen[0m[2m=[0m12288 [3mflags[0m[2m=[0m18 [3mreturned[0m[2m=[0m269082624 [3mrelocated[0m[2m=[0mfalse
[2m  71.555106000s[0m [31mERROR[0m [2mlitebox::mm[0m[2m:[0m DIAG_CREATE_PAGES [3mrequested[0m[2m=[0mSome(269094912) [3mactual[0m[2m=[0m269094912 [3mlen[0m[2m=[0m8192 [3mend[0m[2m=[0m269103104
[2m  71.555116400s[0m [31mERROR[0m [2mlitebox_shim_linux::syscalls::mm[0m[2m:[0m DIAG_MMAP returned [3mtid[0m[2m=[0m2 [3maddr[0m[2m=[0m269094912 [3mlen[0m[2m=[0m8192 [3mflags[0m[2m=[0m50 [3mreturned[0m[2m=[0m269094912 [3mrelocated[0m[2m=[0mfalse
[2m  71.555143600s[0m [31mERROR[0m [2mlitebox::mm[0m[2m:[0m DIAG_CREATE_PAGES [3mrequested[0m[2m=[0mNone [3mactual[0m[2m=[0m94437376 [3mlen[0m[2m=[0m233472 [3mend[0m[2m=[0m94670848
[2m  71.555154400s[0m [31mERROR[0m [2mlitebox_shim_linux::syscalls::mm[0m[2m:[0m DIAG_MMAP returned [3mtid[0m[2m=[0m2 [3maddr[0m[2m=[0m0 [3mlen[0m[2m=[0m233472 [3mflags[0m[2m=[0m34 [3mreturned[0m[2m=[0m94437376 [3mrelocated[0m[2m=[0mfalse
[2m  71.555223700s[0m [31mERROR[0m [2mlitebox::mm[0m[2m:[0m DIAG_CREATE_PAGES [3mrequested[0m[2m=[0mSome(94437376) [3mactual[0m[2m=[0m94437376 [3mlen[0m[2m=[0m4096 [3mend[0m[2m=[0m94441472
[2m  71.555251600s[0m [31mERROR[0m [2mlitebox_shim_linux::syscalls::mm[0m[2m:[0m DIAG_ELF_PATCH init-from-scratch (cache miss) [3mpid[0m[2m=[0m2 [3mfd[0m[2m=[0m4 [3mmapped_addr[0m[2m=[0m94437376 [3mexisting_keys[0m[2m=[0m[(2, 3)]
[2m  71.555269000s[0m [31mERROR[0m [2mlitebox_shim_linux::syscalls::mm[0m[2m:[0m DIAG_MMAP returned [3mtid[0m[2m=[0m2 [3maddr[0m[2m=[0m94437376 [3mlen[0m[2m=[0m4096 [3mflags[0m[2m=[0m18 [3mreturned[0m[2m=[0m94437376 [3mrelocated[0m[2m=[0mfalse
[2m  71.555329800s[0m [31mERROR[0m [2mlitebox::mm[0m[2m:[0m DIAG_CREATE_PAGES [3mrequested[0m[2m=[0mSome(94441472) [3mactual[0m[2m=[0m94441472 [3mlen[0m[2m=[0m163840 [3mend[0m[2m=[0m94605312
[2m  71.555463700s[0m [31mERROR[0m [2mlitebox::mm[0m[2m:[0m DIAG_CREATE_PAGES [3mrequested[0m[2m=[0mSome(94666752) [3mactual[0m[2m=[0m94666752 [3mlen[0m[2m=[0m4096 [3mend[0m[2m=[0m94670848
[2m  71.555506300s[0m [31mERROR[0m [2mlitebox_shim_linux::syscalls::mm[0m[2m:[0m DIAG_MMAP returned [3mtid[0m[2m=[0m2 [3maddr[0m[2m=[0m94441472 [3mlen[0m[2m=[0m163840 [3mflags[0m[2m=[0m18 [3mreturned[0m[2m=[0m94441472 [3mrelocated[0m[2m=[0mfalse
[2m  71.555631400s[0m [31mERROR[0m [2mlitebox::mm[0m[2m:[0m DIAG_CREATE_PAGES [3mrequested[0m[2m=[0mSome(94605312) [3mactual[0m[2m=[0m94605312 [3mlen[0m[2m=[0m45056 [3mend[0m[2m=[0m94650368
[2m  71.555692200s[0m [31mERROR[0m [2mlitebox_shim_linux::syscalls::mm[0m[2m:[0m DIAG_MMAP returned [3mtid[0m[2m=[0m2 [3maddr[0m[2m=[0m94605312 [3mlen[0m[2m=[0m45056 [3mflags[0m[2m=[0m18 [3mreturned[0m[2m=[0m94605312 [3mrelocated[0m[2m=[0mfalse
[2m  71.555744900s[0m [31mERROR[0m [2mlitebox::mm[0m[2m:[0m DIAG_CREATE_PAGES [3mrequested[0m[2m=[0mSome(94650368) [3mactual[0m[2m=[0m94650368 [3mlen[0m[2m=[0m12288 [3mend[0m[2m=[0m94662656
[2m  71.555772200s[0m [31mERROR[0m [2mlitebox_shim_linux::syscalls::mm[0m[2m:[0m DIAG_MMAP returned [3mtid[0m[2m=[0m2 [3maddr[0m[2m=[0m94650368 [3mlen[0m[2m=[0m12288 [3mflags[0m[2m=[0m18 [3mreturned[0m[2m=[0m94650368 [3mrelocated[0m[2m=[0mfalse
[2m  71.555797900s[0m [31mERROR[0m [2mlitebox::mm[0m[2m:[0m DIAG_CREATE_PAGES [3mrequested[0m[2m=[0mSome(94662656) [3mactual[0m[2m=[0m94662656 [3mlen[0m[2m=[0m4096 [3mend[0m[2m=[0m94666752
[2m  71.555809100s[0m [31mERROR[0m [2mlitebox_shim_linux::syscalls::mm[0m[2m:[0m DIAG_MMAP returned [3mtid[0m[2m=[0m2 [3maddr[0m[2m=[0m94662656 [3mlen[0m[2m=[0m4096 [3mflags[0m[2m=[0m50 [3mreturned[0m[2m=[0m94662656 [3mrelocated[0m[2m=[0mfalse
[2m  71.555860200s[0m [31mERROR[0m [2mlitebox::mm[0m[2m:[0m DIAG_CREATE_PAGES [3mrequested[0m[2m=[0mSome(94666752) [3mactual[0m[2m=[0m94666752 [3mlen[0m[2m=[0m4096 [3mend[0m[2m=[0m94670848
[2m  71.555876700s[0m [31mERROR[0m [2mlitebox_shim_linux::syscalls::mm[0m[2m:[0m DIAG_MMAP returned [3mtid[0m[2m=[0m2 [3maddr[0m[2m=[0m94666752 [3mlen[0m[2m=[0m4096 [3mflags[0m[2m=[0m18 [3mreturned[0m[2m=[0m94666752 [3mrelocated[0m[2m=[0mfalse
[2m  71.556111000s[0m [31mERROR[0m [2mlitebox::mm[0m[2m:[0m DIAG_CREATE_PAGES [3mrequested[0m[2m=[0mNone [3mactual[0m[2m=[0m94699520 [3mlen[0m[2m=[0m8388608 [3mend[0m[2m=[0m103088128
[2m  71.556316900s[0m [31mERROR[0m [2mlitebox::mm[0m[2m:[0m DIAG_CREATE_PAGES [3mrequested[0m[2m=[0mNone [3mactual[0m[2m=[0m140668751994880 [3mlen[0m[2m=[0m40960 [3mend[0m[2m=[0m140668752035840
[2m  71.556370100s[0m [31mERROR[0m [2mlitebox_shim_linux::syscalls::mm[0m[2m:[0m DIAG_ELF_PATCH init-from-scratch (cache miss) [3mpid[0m[2m=[0m2 [3mfd[0m[2m=[0m3 [3mmapped_addr[0m[2m=[0m140668751994880 [3mexisting_keys[0m[2m=[0m[]
[2m  71.556379600s[0m [31mERROR[0m [2mlitebox_shim_linux::syscalls::mm[0m[2m:[0m DIAG_MMAP returned [3mtid[0m[2m=[0m2 [3maddr[0m[2m=[0m0 [3mlen[0m[2m=[0m40960 [3mflags[0m[2m=[0m2 [3mreturned[0m[2m=[0m140668751994880 [3mrelocated[0m[2m=[0mfalse
[2m  71.556431800s[0m [31mERROR[0m [2mlitebox::mm[0m[2m:[0m DIAG_CREATE_PAGES [3mrequested[0m[2m=[0mNone [3mactual[0m[2m=[0m103088128 [3mlen[0m[2m=[0m8192 [3mend[0m[2m=[0m103096320
[2m  71.556439700s[0m [31mERROR[0m [2mlitebox_shim_linux::syscalls::mm[0m[2m:[0m DIAG_MMAP returned [3mtid[0m[2m=[0m2 [3maddr[0m[2m=[0m0 [3mlen[0m[2m=[0m8192 [3mflags[0m[2m=[0m34 [3mreturned[0m[2m=[0m103088128 [3mrelocated[0m[2m=[0mfalse
[2m  71.557098200s[0m [31mERROR[0m [2mlitebox::mm[0m[2m:[0m DIAG_CREATE_PAGES [3mrequested[0m[2m=[0mNone [3mactual[0m[2m=[0m103153664 [3mlen[0m[2m=[0m2048000 [3mend[0m[2m=[0m105201664
[2m  71.557951800s[0m [31mERROR[0m [2mlitebox_shim_linux::syscalls::mm[0m[2m:[0m DIAG_ELF_PATCH init-from-scratch (cache miss) [3mpid[0m[2m=[0m2 [3mfd[0m[2m=[0m3 [3mmapped_addr[0m[2m=[0m103153664 [3mexisting_keys[0m[2m=[0m[]
[2m  71.557974400s[0m [31mERROR[0m [2mlitebox_shim_linux::syscalls::mm[0m[2m:[0m DIAG_MMAP returned [3mtid[0m[2m=[0m2 [3maddr[0m[2m=[0m0 [3mlen[0m[2m=[0m2048000 [3mflags[0m[2m=[0m2050 [3mreturned[0m[2m=[0m103153664 [3mrelocated[0m[2m=[0mfalse
[2m  71.559110700s[0m [31mERROR[0m [2mlitebox::mm[0m[2m:[0m DIAG_CREATE_PAGES [3mrequested[0m[2m=[0mSome(103317504) [3mactual[0m[2m=[0m103317504 [3mlen[0m[2m=[0m1454080 [3mend[0m[2m=[0m104771584
[2m  71.559907600s[0m [31mERROR[0m [2mlitebox::mm[0m[2m:[0m DIAG_CREATE_PAGES [3mrequested[0m[2m=[0mSome(105201664) [3mactual[0m[2m=[0m105201664 [3mlen[0m[2m=[0m12288 [3mend[0m[2m=[0m105213952
[2m  71.559943800s[0m [31mERROR[0m [2mlitebox_shim_linux::syscalls::mm[0m[2m:[0m DIAG_MMAP returned [3mtid[0m[2m=[0m2 [3maddr[0m[2m=[0m103317504 [3mlen[0m[2m=[0m1454080 [3mflags[0m[2m=[0m2066 [3mreturned[0m[2m=[0m103317504 [3mrelocated[0m[2m=[0mfalse
[2m  71.560631300s[0m [31mERROR[0m [2mlitebox::mm[0m[2m:[0m DIAG_CREATE_PAGES [3mrequested[0m[2m=[0mSome(104771584) [3mactual[0m[2m=[0m104771584 [3mlen[0m[2m=[0m352256 [3mend[0m[2m=[0m105123840
[2m  71.560878900s[0m [31mERROR[0m [2mlitebox_shim_linux::syscalls::mm[0m[2m:[0m DIAG_MMAP returned [3mtid[0m[2m=[0m2 [3maddr[0m[2m=[0m104771584 [3mlen[0m[2m=[0m352256 [3mflags[0m[2m=[0m2066 [3mreturned[0m[2m=[0m104771584 [3mrelocated[0m[2m=[0mfalse
[2m  71.561322700s[0m [31mERROR[0m [2mlitebox::mm[0m[2m:[0m DIAG_CREATE_PAGES [3mrequested[0m[2m=[0mSome(105123840) [3mactual[0m[2m=[0m105123840 [3mlen[0m[2m=[0m24576 [3mend[0m[2m=[0m105148416
[2m  71.561349400s[0m [31mERROR[0m [2mlitebox_shim_linux::syscalls::mm[0m[2m:[0m DIAG_MMAP returned [3mtid[0m[2m=[0m2 [3maddr[0m[2m=[0m105123840 [3mlen[0m[2m=[0m24576 [3mflags[0m[2m=[0m2066 [3mreturned[0m[2m=[0m105123840 [3mrelocated[0m[2m=[0mfalse
[2m  71.561380100s[0m [31mERROR[0m [2mlitebox::mm[0m[2m:[0m DIAG_CREATE_PAGES [3mrequested[0m[2m=[0mSome(105148416) [3mactual[0m[2m=[0m105148416 [3mlen[0m[2m=[0m53248 [3mend[0m[2m=[0m105201664
[2m  71.561389300s[0m [31mERROR[0m [2mlitebox_shim_linux::syscalls::mm[0m[2m:[0m DIAG_MMAP returned [3mtid[0m[2m=[0m2 [3maddr[0m[2m=[0m105148416 [3mlen[0m[2m=[0m53248 [3mflags[0m[2m=[0m50 [3mreturned[0m[2m=[0m105148416 [3mrelocated[0m[2m=[0mfalse
[2m  71.561429100s[0m [31mERROR[0m [2mlitebox::mm[0m[2m:[0m DIAG_CREATE_PAGES [3mrequested[0m[2m=[0mNone [3mactual[0m[2m=[0m105250816 [3mlen[0m[2m=[0m12288 [3mend[0m[2m=[0m105263104
[2m  71.561438500s[0m [31mERROR[0m [2mlitebox_shim_linux::syscalls::mm[0m[2m:[0m DIAG_MMAP returned [3mtid[0m[2m=[0m2 [3maddr[0m[2m=[0m0 [3mlen[0m[2m=[0m12288 [3mflags[0m[2m=[0m34 [3mreturned[0m[2m=[0m105250816 [3mrelocated[0m[2m=[0mfalse
[2m  71.561772800s[0m [31mERROR[0m [2mlitebox_shim_linux::syscalls::process[0m[2m:[0m DIAG_TIMELINE execve [3mpid[0m[2m=[0m2 [3mppid[0m[2m=[0m1 [3mcomm[0m[2m=[0m[115, 104, 0, 0, 0, 0, 0, 0, 0, 0, 0, 0, 0, 0, 0, 0] [3margv0[0m[2m=[0m/usr/lib/xorg/Xorg
[2m  71.562428600s[0m [31mERROR[0m [2mlitebox::mm[0m[2m:[0m DIAG_CREATE_PAGES [3mrequested[0m[2m=[0mSome(268959744) [3mactual[0m[2m=[0m105316352 [3mlen[0m[2m=[0m2883584 [3mend[0m[2m=[0m108199936
[2m  71.562448100s[0m [31mERROR[0m [2mlitebox_shim_linux::syscalls::mm[0m[2m:[0m DIAG_MMAP returned [3mtid[0m[2m=[0m2 [3maddr[0m[2m=[0m268959744 [3mlen[0m[2m=[0m2883584 [3mflags[0m[2m=[0m34 [3mreturned[0m[2m=[0m105316352 [3mrelocated[0m[2m=[0mtrue
[2m  71.564500500s[0m [31mERROR[0m [2mlitebox::mm[0m[2m:[0m DIAG_CREATE_PAGES [3mrequested[0m[2m=[0mSome(105316352) [3mactual[0m[2m=[0m105316352 [3mlen[0m[2m=[0m266240 [3mend[0m[2m=[0m105582592
[2m  71.564657000s[0m [31mERROR[0m [2mlitebox_shim_linux::syscalls::mm[0m[2m:[0m DIAG_ELF_PATCH init-from-scratch (cache miss) [3mpid[0m[2m=[0m2 [3mfd[0m[2m=[0m3 [3mmapped_addr[0m[2m=[0m105316352 [3mexisting_keys[0m[2m=[0m[]
[2m  71.564677500s[0m [31mERROR[0m [2mlitebox_shim_linux::syscalls::mm[0m[2m:[0m DIAG_MMAP returned [3mtid[0m[2m=[0m2 [3maddr[0m[2m=[0m105316352 [3mlen[0m[2m=[0m266240 [3mflags[0m[2m=[0m18 [3mreturned[0m[2m=[0m105316352 [3mrelocated[0m[2m=[0mfalse
[2m  71.565393100s[0m [31mERROR[0m [2mlitebox::mm[0m[2m:[0m DIAG_CREATE_PAGES [3mrequested[0m[2m=[0mSome(105582592) [3mactual[0m[2m=[0m105582592 [3mlen[0m[2m=[0m1773568 [3mend[0m[2m=[0m107356160
[2m  71.566169200s[0m [31mERROR[0m [2mlitebox_shim_linux::syscalls::mm[0m[2m:[0m DIAG_MMAP returned [3mtid[0m[2m=[0m2 [3maddr[0m[2m=[0m105582592 [3mlen[0m[2m=[0m1773568 [3mflags[0m[2m=[0m18 [3mreturned[0m[2m=[0m105582592 [3mrelocated[0m[2m=[0mfalse
[2m  71.567156100s[0m [31mERROR[0m [2mlitebox::mm[0m[2m:[0m DIAG_CREATE_PAGES [3mrequested[0m[2m=[0mSome(107356160) [3mactual[0m[2m=[0m107356160 [3mlen[0m[2m=[0m524288 [3mend[0m[2m=[0m107880448
[2m  71.567449500s[0m [31mERROR[0m [2mlitebox_shim_linux::syscalls::mm[0m[2m:[0m DIAG_MMAP returned [3mtid[0m[2m=[0m2 [3maddr[0m[2m=[0m107356160 [3mlen[0m[2m=[0m524288 [3mflags[0m[2m=[0m18 [3mreturned[0m[2m=[0m107356160 [3mrelocated[0m[2m=[0mfalse
[2m  71.568128300s[0m [31mERROR[0m [2mlitebox::mm[0m[2m:[0m DIAG_CREATE_PAGES [3mrequested[0m[2m=[0mSome(107880448) [3mactual[0m[2m=[0m107880448 [3mlen[0m[2m=[0m65536 [3mend[0m[2m=[0m107945984
[2m  71.568197400s[0m [31mERROR[0m [2mlitebox_shim_linux::syscalls::mm[0m[2m:[0m DIAG_MMAP returned [3mtid[0m[2m=[0m2 [3maddr[0m[2m=[0m107880448 [3mlen[0m[2m=[0m65536 [3mflags[0m[2m=[0m18 [3mreturned[0m[2m=[0m107880448 [3mrelocated[0m[2m=[0mfalse
[2m  71.568234800s[0m [31mERROR[0m [2mlitebox::mm[0m[2m:[0m DIAG_CREATE_PAGES [3mrequested[0m[2m=[0mSome(107945984) [3mactual[0m[2m=[0m107945984 [3mlen[0m[2m=[0m253952 [3mend[0m[2m=[0m108199936
[2m  71.568247100s[0m [31mERROR[0m [2mlitebox_shim_linux::syscalls::mm[0m[2m:[0m DIAG_MMAP returned [3mtid[0m[2m=[0m2 [3maddr[0m[2m=[0m107945984 [3mlen[0m[2m=[0m253952 [3mflags[0m[2m=[0m50 [3mreturned[0m[2m=[0m107945984 [3mrelocated[0m[2m=[0mfalse
[2m  71.568275800s[0m [31mERROR[0m [2mlitebox::mm[0m[2m:[0m DIAG_CREATE_PAGES [3mrequested[0m[2m=[0mNone [3mactual[0m[2m=[0m108199936 [3mlen[0m[2m=[0m233472 [3mend[0m[2m=[0m108433408
[2m  71.568287000s[0m [31mERROR[0m [2mlitebox_shim_linux::syscalls::mm[0m[2m:[0m DIAG_MMAP returned [3mtid[0m[2m=[0m2 [3maddr[0m[2m=[0m0 [3mlen[0m[2m=[0m233472 [3mflags[0m[2m=[0m34 [3mreturned[0m[2m=[0m108199936 [3mrelocated[0m[2m=[0mfalse
[2m  71.568384500s[0m [31mERROR[0m [2mlitebox::mm[0m[2m:[0m DIAG_CREATE_PAGES [3mrequested[0m[2m=[0mSome(108199936) [3mactual[0m[2m=[0m108199936 [3mlen[0m[2m=[0m4096 [3mend[0m[2m=[0m108204032
[2m  71.568417500s[0m [31mERROR[0m [2mlitebox_shim_linux::syscalls::mm[0m[2m:[0m DIAG_ELF_PATCH init-from-scratch (cache miss) [3mpid[0m[2m=[0m2 [3mfd[0m[2m=[0m4 [3mmapped_addr[0m[2m=[0m108199936 [3mexisting_keys[0m[2m=[0m[(2, 3)]
[2m  71.568437100s[0m [31mERROR[0m [2mlitebox_shim_linux::syscalls::mm[0m[2m:[0m DIAG_MMAP returned [3mtid[0m[2m=[0m2 [3maddr[0m[2m=[0m108199936 [3mlen[0m[2m=[0m4096 [3mflags[0m[2m=[0m18 [3mreturned[0m[2m=[0m108199936 [3mrelocated[0m[2m=[0mfalse
[2m  71.568507800s[0m [31mERROR[0m [2mlitebox::mm[0m[2m:[0m DIAG_CREATE_PAGES [3mrequested[0m[2m=[0mSome(108204032) [3mactual[0m[2m=[0m108204032 [3mlen[0m[2m=[0m163840 [3mend[0m[2m=[0m108367872
[2m  71.568645400s[0m [31mERROR[0m [2mlitebox::mm[0m[2m:[0m DIAG_CREATE_PAGES [3mrequested[0m[2m=[0mSome(108429312) [3mactual[0m[2m=[0m108429312 [3mlen[0m[2m=[0m4096 [3mend[0m[2m=[0m108433408
[2m  71.568679700s[0m [31mERROR[0m [2mlitebox_shim_linux::syscalls::mm[0m[2m:[0m DIAG_MMAP returned [3mtid[0m[2m=[0m2 [3maddr[0m[2m=[0m108204032 [3mlen[0m[2m=[0m163840 [3mflags[0m[2m=[0m18 [3mreturned[0m[2m=[0m108204032 [3mrelocated[0m[2m=[0mfalse
[2m  71.568735700s[0m [31mERROR[0m [2mlitebox::mm[0m[2m:[0m DIAG_CREATE_PAGES [3mrequested[0m[2m=[0mSome(108367872) [3mactual[0m[2m=[0m108367872 [3mlen[0m[2m=[0m45056 [3mend[0m[2m=[0m108412928
[2m  71.568788100s[0m [31mERROR[0m [2mlitebox_shim_linux::syscalls::mm[0m[2m:[0m DIAG_MMAP returned [3mtid[0m[2m=[0m2 [3maddr[0m[2m=[0m108367872 [3mlen[0m[2m=[0m45056 [3mflags[0m[2m=[0m18 [3mreturned[0m[2m=[0m108367872 [3mrelocated[0m[2m=[0mfalse
[2m  71.568835600s[0m [31mERROR[0m [2mlitebox::mm[0m[2m:[0m DIAG_CREATE_PAGES [3mrequested[0m[2m=[0mSome(108412928) [3mactual[0m[2m=[0m108412928 [3mlen[0m[2m=[0m12288 [3mend[0m[2m=[0m108425216
[2m  71.568860600s[0m [31mERROR[0m [2mlitebox_shim_linux::syscalls::mm[0m[2m:[0m DIAG_MMAP returned [3mtid[0m[2m=[0m2 [3maddr[0m[2m=[0m108412928 [3mlen[0m[2m=[0m12288 [3mflags[0m[2m=[0m18 [3mreturned[0m[2m=[0m108412928 [3mrelocated[0m[2m=[0mfalse
[2m  71.568885300s[0m [31mERROR[0m [2mlitebox::mm[0m[2m:[0m DIAG_CREATE_PAGES [3mrequested[0m[2m=[0mSome(108425216) [3mactual[0m[2m=[0m108425216 [3mlen[0m[2m=[0m4096 [3mend[0m[2m=[0m108429312
[2m  71.568895600s[0m [31mERROR[0m [2mlitebox_shim_linux::syscalls::mm[0m[2m:[0m DIAG_MMAP returned [3mtid[0m[2m=[0m2 [3maddr[0m[2m=[0m108425216 [3mlen[0m[2m=[0m4096 [3mflags[0m[2m=[0m50 [3mreturned[0m[2m=[0m108425216 [3mrelocated[0m[2m=[0mfalse
[2m  71.568952700s[0m [31mERROR[0m [2mlitebox::mm[0m[2m:[0m DIAG_CREATE_PAGES [3mrequested[0m[2m=[0mSome(108429312) [3mactual[0m[2m=[0m108429312 [3mlen[0m[2m=[0m4096 [3mend[0m[2m=[0m108433408
[2m  71.568969200s[0m [31mERROR[0m [2mlitebox_shim_linux::syscalls::mm[0m[2m:[0m DIAG_MMAP returned [3mtid[0m[2m=[0m2 [3maddr[0m[2m=[0m108429312 [3mlen[0m[2m=[0m4096 [3mflags[0m[2m=[0m18 [3mreturned[0m[2m=[0m108429312 [3mrelocated[0m[2m=[0mfalse
[2m  71.569179900s[0m [31mERROR[0m [2mlitebox::mm[0m[2m:[0m DIAG_CREATE_PAGES [3mrequested[0m[2m=[0mNone [3mactual[0m[2m=[0m108462080 [3mlen[0m[2m=[0m8388608 [3mend[0m[2m=[0m116850688
[2m  71.569345100s[0m [31mERROR[0m [2mlitebox::mm[0m[2m:[0m DIAG_CREATE_PAGES [3mrequested[0m[2m=[0mNone [3mactual[0m[2m=[0m140668751994880 [3mlen[0m[2m=[0m40960 [3mend[0m[2m=[0m140668752035840
[2m  71.569461000s[0m [31mERROR[0m [2mlitebox_shim_linux::syscalls::mm[0m[2m:[0m DIAG_ELF_PATCH init-from-scratch (cache miss) [3mpid[0m[2m=[0m2 [3mfd[0m[2m=[0m3 [3mmapped_addr[0m[2m=[0m140668751994880 [3mexisting_keys[0m[2m=[0m[]
[2m  71.569479800s[0m [31mERROR[0m [2mlitebox_shim_linux::syscalls::mm[0m[2m:[0m DIAG_MMAP returned [3mtid[0m[2m=[0m2 [3maddr[0m[2m=[0m0 [3mlen[0m[2m=[0m40960 [3mflags[0m[2m=[0m2 [3mreturned[0m[2m=[0m140668751994880 [3mrelocated[0m[2m=[0mfalse
[2m  71.569564500s[0m [31mERROR[0m [2mlitebox::mm[0m[2m:[0m DIAG_CREATE_PAGES [3mrequested[0m[2m=[0mNone [3mactual[0m[2m=[0m116850688 [3mlen[0m[2m=[0m8192 [3mend[0m[2m=[0m116858880
[2m  71.569579300s[0m [31mERROR[0m [2mlitebox_shim_linux::syscalls::mm[0m[2m:[0m DIAG_MMAP returned [3mtid[0m[2m=[0m2 [3maddr[0m[2m=[0m0 [3mlen[0m[2m=[0m8192 [3mflags[0m[2m=[0m34 [3mreturned[0m[2m=[0m116850688 [3mrelocated[0m[2m=[0mfalse
[2m  71.569873600s[0m [31mERROR[0m [2mlitebox::mm[0m[2m:[0m DIAG_CREATE_PAGES [3mrequested[0m[2m=[0mNone [3mactual[0m[2m=[0m116916224 [3mlen[0m[2m=[0m356352 [3mend[0m[2m=[0m117272576
[2m  71.570068700s[0m [31mERROR[0m [2mlitebox_shim_linux::syscalls::mm[0m[2m:[0m DIAG_ELF_PATCH init-from-scratch (cache miss) [3mpid[0m[2m=[0m2 [3mfd[0m[2m=[0m3 [3mmapped_addr[0m[2m=[0m116916224 [3mexisting_keys[0m[2m=[0m[]
[2m  71.570085300s[0m [31mERROR[0m [2mlitebox_shim_linux::syscalls::mm[0m[2m:[0m DIAG_MMAP returned [3mtid[0m[2m=[0m2 [3maddr[0m[2m=[0m0 [3mlen[0m[2m=[0m356352 [3mflags[0m[2m=[0m2050 [3mreturned[0m[2m=[0m116916224 [3mrelocated[0m[2m=[0mfalse
[2m  71.570242700s[0m [31mERROR[0m [2mlitebox::mm[0m[2m:[0m DIAG_CREATE_PAGES [3mrequested[0m[2m=[0mSome(116973568) [3mactual[0m[2m=[0m116973568 [3mlen[0m[2m=[0m200704 [3mend[0m[2m=[0m117174272
[2m  71.570429700s[0m [31mERROR[0m [2mlitebox::mm[0m[2m:[0m DIAG_CREATE_PAGES [3mrequested[0m[2m=[0mSome(117272576) [3mactual[0m[2m=[0m117272576 [3mlen[0m[2m=[0m4096 [3mend[0m[2m=[0m117276672
[2m  71.576080300s[0m [31mERROR[0m [2mlitebox_shim_linux::syscalls::mm[0m[2m:[0m DIAG_MMAP returned [3mtid[0m[2m=[0m2 [3maddr[0m[2m=[0m116973568 [3mlen[0m[2m=[0m200704 [3mflags[0m[2m=[0m2066 [3mreturned[0m[2m=[0m116973568 [3mrelocated[0m[2m=[0mfalse
[2m  71.576275800s[0m [31mERROR[0m [2mlitebox::mm[0m[2m:[0m DIAG_CREATE_PAGES [3mrequested[0m[2m=[0mSome(117174272) [3mactual[0m[2m=[0m117174272 [3mlen[0m[2m=[0m86016 [3mend[0m[2m=[0m117260288
[2m  71.576449900s[0m [31mERROR[0m [2mlitebox_shim_linux::syscalls::mm[0m[2m:[0m DIAG_MMAP returned [3mtid[0m[2m=[0m2 [3maddr[0m[2m=[0m117174272 [3mlen[0m[2m=[0m86016 [3mflags[0m[2m=[0m2066 [3mreturned[0m[2m=[0m117174272 [3mrelocated[0m[2m=[0mfalse
[2m  71.576606400s[0m [31mERROR[0m [2mlitebox::mm[0m[2m:[0m DIAG_CREATE_PAGES [3mrequested[0m[2m=[0mSome(117260288) [3mactual[0m[2m=[0m117260288 [3mlen[0m[2m=[0m12288 [3mend[0m[2m=[0m117272576
[2m  71.576632300s[0m [31mERROR[0m [2mlitebox_shim_linux::syscalls::mm[0m[2m:[0m DIAG_MMAP returned [3mtid[0m[2m=[0m2 [3maddr[0m[2m=[0m117260288 [3mlen[0m[2m=[0m12288 [3mflags[0m[2m=[0m2066 [3mreturned[0m[2m=[0m117260288 [3mrelocated[0m[2m=[0mfalse
[2m  71.576963400s[0m [31mERROR[0m [2mlitebox::mm[0m[2m:[0m DIAG_CREATE_PAGES [3mrequested[0m[2m=[0mNone [3mactual[0m[2m=[0m117309440 [3mlen[0m[2m=[0m282624 [3mend[0m[2m=[0m117592064
[2m  71.577212500s[0m [31mERROR[0m [2mlitebox_shim_linux::syscalls::mm[0m[2m:[0m DIAG_ELF_PATCH init-from-scratch (cache miss) [3mpid[0m[2m=[0m2 [3mfd[0m[2m=[0m3 [3mmapped_addr[0m[2m=[0m117309440 [3mexisting_keys[0m[2m=[0m[]
[2m  71.577235100s[0m [31mERROR[0m [2mlitebox_shim_linux::syscalls::mm[0m[2m:[0m DIAG_MMAP returned [3mtid[0m[2m=[0m2 [3maddr[0m[2m=[0m0 [3mlen[0m[2m=[0m282624 [3mflags[0m[2m=[0m2050 [3mreturned[0m[2m=[0m117309440 [3mrelocated[0m[2m=[0mfalse
[2m  71.577356300s[0m [31mERROR[0m [2mlitebox::mm[0m[2m:[0m DIAG_CREATE_PAGES [3mrequested[0m[2m=[0mSome(117342208) [3mactual[0m[2m=[0m117342208 [3mlen[0m[2m=[0m147456 [3mend[0m[2m=[0m117489664
[2m  71.577475600s[0m [31mERROR[0m [2mlitebox::mm[0m[2m:[0m DIAG_CREATE_PAGES [3mrequested[0m[2m=[0mSome(117592064) [3mactual[0m[2m=[0m117592064 [3mlen[0m[2m=[0m4096 [3mend[0m[2m=[0m117596160
[2m  71.581755300s[0m [31mERROR[0m [2mlitebox_shim_linux::syscalls::mm[0m[2m:[0m DIAG_MMAP returned [3mtid[0m[2m=[0m2 [3maddr[0m[2m=[0m117342208 [3mlen[0m[2m=[0m147456 [3mflags[0m[2m=[0m2066 [3mreturned[0m[2m=[0m117342208 [3mrelocated[0m[2m=[0mfalse
[2m  71.581897900s[0m [31mERROR[0m [2mlitebox::mm[0m[2m:[0m DIAG_CREATE_PAGES [3mrequested[0m[2m=[0mSome(117489664) [3mactual[0m[2m=[0m117489664 [3mlen[0m[2m=[0m77824 [3mend[0m[2m=[0m117567488
[2m  71.581976300s[0m [31mERROR[0m [2mlitebox_shim_linux::syscalls::mm[0m[2m:[0m DIAG_MMAP returned [3mtid[0m[2m=[0m2 [3maddr[0m[2m=[0m117489664 [3mlen[0m[2m=[0m77824 [3mflags[0m[2m=[0m2066 [3mreturned[0m[2m=[0m117489664 [3mrelocated[0m[2m=[0mfalse
[2m  71.582052700s[0m [31mERROR[0m [2mlitebox::mm[0m[2m:[0m DIAG_CREATE_PAGES [3mrequested[0m[2m=[0mSome(117567488) [3mactual[0m[2m=[0m117567488 [3mlen[0m[2m=[0m24576 [3mend[0m[2m=[0m117592064
[2m  71.582079600s[0m [31mERROR[0m [2mlitebox_shim_linux::syscalls::mm[0m[2m:[0m DIAG_MMAP returned [3mtid[0m[2m=[0m2 [3maddr[0m[2m=[0m117567488 [3mlen[0m[2m=[0m24576 [3mflags[0m[2m=[0m2066 [3mreturned[0m[2m=[0m117567488 [3mrelocated[0m[2m=[0mfalse
[2m  71.582321600s[0m [31mERROR[0m [2mlitebox::mm[0m[2m:[0m DIAG_CREATE_PAGES [3mrequested[0m[2m=[0mNone [3mactual[0m[2m=[0m117637120 [3mlen[0m[2m=[0m212992 [3mend[0m[2m=[0m117850112
[2m  71.582446500s[0m [31mERROR[0m [2mlitebox_shim_linux::syscalls::mm[0m[2m:[0m DIAG_ELF_PATCH init-from-scratch (cache miss) [3mpid[0m[2m=[0m2 [3mfd[0m[2m=[0m3 [3mmapped_addr[0m[2m=[0m117637120 [3mexisting_keys[0m[2m=[0m[]
[2m  71.582462600s[0m [31mERROR[0m [2mlitebox_shim_linux::syscalls::mm[0m[2m:[0m DIAG_MMAP returned [3mtid[0m[2m=[0m2 [3maddr[0m[2m=[0m0 [3mlen[0m[2m=[0m212992 [3mflags[0m[2m=[0m2050 [3mreturned[0m[2m=[0m117637120 [3mrelocated[0m[2m=[0mfalse
[2m  71.582543000s[0m [31mERROR[0m [2mlitebox::mm[0m[2m:[0m DIAG_CREATE_PAGES [3mrequested[0m[2m=[0mSome(117665792) [3mactual[0m[2m=[0m117665792 [3mlen[0m[2m=[0m131072 [3mend[0m[2m=[0m117796864
[2m  71.582641300s[0m [31mERROR[0m [2mlitebox::mm[0m[2m:[0m DIAG_CREATE_PAGES [3mrequested[0m[2m=[0mSome(117850112) [3mactual[0m[2m=[0m117850112 [3mlen[0m[2m=[0m4096 [3mend[0m[2m=[0m117854208
[2m  71.586608600s[0m [31mERROR[0m [2mlitebox_shim_linux::syscalls::mm[0m[2m:[0m DIAG_MMAP returned [3mtid[0m[2m=[0m2 [3maddr[0m[2m=[0m117665792 [3mlen[0m[2m=[0m131072 [3mflags[0m[2m=[0m2066 [3mreturned[0m[2m=[0m117665792 [3mrelocated[0m[2m=[0mfalse
[2m  71.586775800s[0m [31mERROR[0m [2mlitebox::mm[0m[2m:[0m DIAG_CREATE_PAGES [3mrequested[0m[2m=[0mSome(117796864) [3mactual[0m[2m=[0m117796864 [3mlen[0m[2m=[0m36864 [3mend[0m[2m=[0m117833728
[2m  71.586833900s[0m [31mERROR[0m [2mlitebox_shim_linux::syscalls::mm[0m[2m:[0m DIAG_MMAP returned [3mtid[0m[2m=[0m2 [3maddr[0m[2m=[0m117796864 [3mlen[0m[2m=[0m36864 [3mflags[0m[2m=[0m2066 [3mreturned[0m[2m=[0m117796864 [3mrelocated[0m[2m=[0mfalse
[2m  71.586886900s[0m [31mERROR[0m [2mlitebox::mm[0m[2m:[0m DIAG_CREATE_PAGES [3mrequested[0m[2m=[0mSome(117833728) [3mactual[0m[2m=[0m117833728 [3mlen[0m[2m=[0m8192 [3mend[0m[2m=[0m117841920
[2m  71.586906300s[0m [31mERROR[0m [2mlitebox_shim_linux::syscalls::mm[0m[2m:[0m DIAG_MMAP returned [3mtid[0m[2m=[0m2 [3maddr[0m[2m=[0m117833728 [3mlen[0m[2m=[0m8192 [3mflags[0m[2m=[0m2066 [3mreturned[0m[2m=[0m117833728 [3mrelocated[0m[2m=[0mfalse
[2m  71.586933500s[0m [31mERROR[0m [2mlitebox::mm[0m[2m:[0m DIAG_CREATE_PAGES [3mrequested[0m[2m=[0mSome(117841920) [3mactual[0m[2m=[0m117841920 [3mlen[0m[2m=[0m8192 [3mend[0m[2m=[0m117850112
[2m  71.586944100s[0m [31mERROR[0m [2mlitebox_shim_linux::syscalls::mm[0m[2m:[0m DIAG_MMAP returned [3mtid[0m[2m=[0m2 [3maddr[0m[2m=[0m117841920 [3mlen[0m[2m=[0m8192 [3mflags[0m[2m=[0m50 [3mreturned[0m[2m=[0m117841920 [3mrelocated[0m[2m=[0mfalse
[2m  71.587378800s[0m [31mERROR[0m [2mlitebox::mm[0m[2m:[0m DIAG_CREATE_PAGES [3mrequested[0m[2m=[0mNone [3mactual[0m[2m=[0m117899264 [3mlen[0m[2m=[0m352256 [3mend[0m[2m=[0m118251520
[2m  71.587556800s[0m [31mERROR[0m [2mlitebox_shim_linux::syscalls::mm[0m[2m:[0m DIAG_ELF_PATCH init-from-scratch (cache miss) [3mpid[0m[2m=[0m2 [3mfd[0m[2m=[0m3 [3mmapped_addr[0m[2m=[0m117899264 [3mexisting_keys[0m[2m=[0m[]
[2m  71.587577800s[0m [31mERROR[0m [2mlitebox_shim_linux::syscalls::mm[0m[2m:[0m DIAG_MMAP returned [3mtid[0m[2m=[0m2 [3maddr[0m[2m=[0m0 [3mlen[0m[2m=[0m352256 [3mflags[0m[2m=[0m2050 [3mreturned[0m[2m=[0m117899264 [3mrelocated[0m[2m=[0mfalse
[2m  71.587661200s[0m [31mERROR[0m [2mlitebox::mm[0m[2m:[0m DIAG_CREATE_PAGES [3mrequested[0m[2m=[0mSome(117956608) [3mactual[0m[2m=[0m117956608 [3mlen[0m[2m=[0m180224 [3mend[0m[2m=[0m118136832
[2m  71.587764800s[0m [31mERROR[0m [2mlitebox::mm[0m[2m:[0m DIAG_CREATE_PAGES [3mrequested[0m[2m=[0mSome(118251520) [3mactual[0m[2m=[0m118251520 [3mlen[0m[2m=[0m4096 [3mend[0m[2m=[0m118255616
[2m  71.592440200s[0m [31mERROR[0m [2mlitebox_shim_linux::syscalls::mm[0m[2m:[0m DIAG_MMAP returned [3mtid[0m[2m=[0m2 [3maddr[0m[2m=[0m117956608 [3mlen[0m[2m=[0m180224 [3mflags[0m[2m=[0m2066 [3mreturned[0m[2m=[0m117956608 [3mrelocated[0m[2m=[0mfalse
[2m  71.592628600s[0m [31mERROR[0m [2mlitebox::mm[0m[2m:[0m DIAG_CREATE_PAGES [3mrequested[0m[2m=[0mSome(118136832) [3mactual[0m[2m=[0m118136832 [3mlen[0m[2m=[0m98304 [3mend[0m[2m=[0m118235136
[2m  71.592720500s[0m [31mERROR[0m [2mlitebox_shim_linux::syscalls::mm[0m[2m:[0m DIAG_MMAP returned [3mtid[0m[2m=[0m2 [3maddr[0m[2m=[0m118136832 [3mlen[0m[2m=[0m98304 [3mflags[0m[2m=[0m2066 [3mreturned[0m[2m=[0m118136832 [3mrelocated[0m[2m=[0mfalse
[2m  71.592833400s[0m [31mERROR[0m [2mlitebox::mm[0m[2m:[0m DIAG_CREATE_PAGES [3mrequested[0m[2m=[0mSome(118235136) [3mactual[0m[2m=[0m118235136 [3mlen[0m[2m=[0m16384 [3mend[0m[2m=[0m118251520
[2m  71.592866900s[0m [31mERROR[0m [2mlitebox_shim_linux::syscalls::mm[0m[2m:[0m DIAG_MMAP returned [3mtid[0m[2m=[0m2 [3maddr[0m[2m=[0m118235136 [3mlen[0m[2m=[0m16384 [3mflags[0m[2m=[0m2066 [3mreturned[0m[2m=[0m118235136 [3mrelocated[0m[2m=[0mfalse
[2m  71.593055500s[0m [31mERROR[0m [2mlitebox::mm[0m[2m:[0m DIAG_CREATE_PAGES [3mrequested[0m[2m=[0mNone [3mactual[0m[2m=[0m118292480 [3mlen[0m[2m=[0m118784 [3mend[0m[2m=[0m118411264
[2m  71.593147700s[0m [31mERROR[0m [2mlitebox_shim_linux::syscalls::mm[0m[2m:[0m DIAG_ELF_PATCH init-from-scratch (cache miss) [3mpid[0m[2m=[0m2 [3mfd[0m[2m=[0m3 [3mmapped_addr[0m[2m=[0m118292480 [3mexisting_keys[0m[2m=[0m[]
[2m  71.593164000s[0m [31mERROR[0m [2mlitebox_shim_linux::syscalls::mm[0m[2m:[0m DIAG_MMAP returned [3mtid[0m[2m=[0m2 [3maddr[0m[2m=[0m0 [3mlen[0m[2m=[0m118784 [3mflags[0m[2m=[0m2050 [3mreturned[0m[2m=[0m118292480 [3mrelocated[0m[2m=[0mfalse
[2m  71.593220600s[0m [31mERROR[0m [2mlitebox::mm[0m[2m:[0m DIAG_CREATE_PAGES [3mrequested[0m[2m=[0mSome(118304768) [3mactual[0m[2m=[0m118304768 [3mlen[0m[2m=[0m45056 [3mend[0m[2m=[0m118349824
[2m  71.593282900s[0m [31mERROR[0m [2mlitebox::mm[0m[2m:[0m DIAG_CREATE_PAGES [3mrequested[0m[2m=[0mSome(118411264) [3mactual[0m[2m=[0m118411264 [3mlen[0m[2m=[0m4096 [3mend[0m[2m=[0m118415360
[2m  71.595318500s[0m [31mERROR[0m [2mlitebox_shim_linux::syscalls::mm[0m[2m:[0m DIAG_MMAP returned [3mtid[0m[2m=[0m2 [3maddr[0m[2m=[0m118304768 [3mlen[0m[2m=[0m45056 [3mflags[0m[2m=[0m2066 [3mreturned[0m[2m=[0m118304768 [3mrelocated[0m[2m=[0mfalse
[2m  71.595382300s[0m [31mERROR[0m [2mlitebox::mm[0m[2m:[0m DIAG_CREATE_PAGES [3mrequested[0m[2m=[0mSome(118349824) [3mactual[0m[2m=[0m118349824 [3mlen[0m[2m=[0m12288 [3mend[0m[2m=[0m118362112
[2m  71.595403900s[0m [31mERROR[0m [2mlitebox_shim_linux::syscalls::mm[0m[2m:[0m DIAG_MMAP returned [3mtid[0m[2m=[0m2 [3maddr[0m[2m=[0m118349824 [3mlen[0m[2m=[0m12288 [3mflags[0m[2m=[0m2066 [3mreturned[0m[2m=[0m118349824 [3mrelocated[0m[2m=[0mfalse
[2m  71.595431400s[0m [31mERROR[0m [2mlitebox::mm[0m[2m:[0m DIAG_CREATE_PAGES [3mrequested[0m[2m=[0mSome(118362112) [3mactual[0m[2m=[0m118362112 [3mlen[0m[2m=[0m8192 [3mend[0m[2m=[0m118370304
[2m  71.595443800s[0m [31mERROR[0m [2mlitebox_shim_linux::syscalls::mm[0m[2m:[0m DIAG_MMAP returned [3mtid[0m[2m=[0m2 [3maddr[0m[2m=[0m118362112 [3mlen[0m[2m=[0m8192 [3mflags[0m[2m=[0m2066 [3mreturned[0m[2m=[0m118362112 [3mrelocated[0m[2m=[0mfalse
[2m  71.595462000s[0m [31mERROR[0m [2mlitebox::mm[0m[2m:[0m DIAG_CREATE_PAGES [3mrequested[0m[2m=[0mSome(118370304) [3mactual[0m[2m=[0m118370304 [3mlen[0m[2m=[0m40960 [3mend[0m[2m=[0m118411264
[2m  71.595468700s[0m [31mERROR[0m [2mlitebox_shim_linux::syscalls::mm[0m[2m:[0m DIAG_MMAP returned [3mtid[0m[2m=[0m2 [3maddr[0m[2m=[0m118370304 [3mlen[0m[2m=[0m40960 [3mflags[0m[2m=[0m50 [3mreturned[0m[2m=[0m118370304 [3mrelocated[0m[2m=[0mfalse
[2m  71.595541300s[0m [31mERROR[0m [2mlitebox::mm[0m[2m:[0m DIAG_CREATE_PAGES [3mrequested[0m[2m=[0mNone [3mactual[0m[2m=[0m118423552 [3mlen[0m[2m=[0m20480 [3mend[0m[2m=[0m118444032
[2m  71.595562400s[0m [31mERROR[0m [2mlitebox_shim_linux::syscalls::mm[0m[2m:[0m DIAG_ELF_PATCH init-from-scratch (cache miss) [3mpid[0m[2m=[0m2 [3mfd[0m[2m=[0m3 [3mmapped_addr[0m[2m=[0m118423552 [3mexisting_keys[0m[2m=[0m[]
[2m  71.595575400s[0m [31mERROR[0m [2mlitebox_shim_linux::syscalls::mm[0m[2m:[0m DIAG_MMAP returned [3mtid[0m[2m=[0m2 [3maddr[0m[2m=[0m0 [3mlen[0m[2m=[0m20480 [3mflags[0m[2m=[0m2050 [3mreturned[0m[2m=[0m118423552 [3mrelocated[0m[2m=[0mfalse
[2m  71.595598900s[0m [31mERROR[0m [2mlitebox::mm[0m[2m:[0m DIAG_CREATE_PAGES [3mrequested[0m[2m=[0mSome(118427648) [3mactual[0m[2m=[0m118427648 [3mlen[0m[2m=[0m4096 [3mend[0m[2m=[0m118431744
[2m  71.595619300s[0m [31mERROR[0m [2mlitebox::mm[0m[2m:[0m DIAG_CREATE_PAGES [3mrequested[0m[2m=[0mSome(118444032) [3mactual[0m[2m=[0m118444032 [3mlen[0m[2m=[0m4096 [3mend[0m[2m=[0m118448128
[2m  71.595744300s[0m [31mERROR[0m [2mlitebox_shim_linux::syscalls::mm[0m[2m:[0m DIAG_MMAP returned [3mtid[0m[2m=[0m2 [3maddr[0m[2m=[0m118427648 [3mlen[0m[2m=[0m4096 [3mflags[0m[2m=[0m2066 [3mreturned[0m[2m=[0m118427648 [3mrelocated[0m[2m=[0mfalse
[2m  71.595767500s[0m [31mERROR[0m [2mlitebox::mm[0m[2m:[0m DIAG_CREATE_PAGES [3mrequested[0m[2m=[0mSome(118431744) [3mactual[0m[2m=[0m118431744 [3mlen[0m[2m=[0m4096 [3mend[0m[2m=[0m118435840
[2m  71.595780200s[0m [31mERROR[0m [2mlitebox_shim_linux::syscalls::mm[0m[2m:[0m DIAG_MMAP returned [3mtid[0m[2m=[0m2 [3maddr[0m[2m=[0m118431744 [3mlen[0m[2m=[0m4096 [3mflags[0m[2m=[0m2066 [3mreturned[0m[2m=[0m118431744 [3mrelocated[0m[2m=[0mfalse
[2m  71.595798900s[0m [31mERROR[0m [2mlitebox::mm[0m[2m:[0m DIAG_CREATE_PAGES [3mrequested[0m[2m=[0mSome(118435840) [3mactual[0m[2m=[0m118435840 [3mlen[0m[2m=[0m8192 [3mend[0m[2m=[0m118444032
[2m  71.595809700s[0m [31mERROR[0m [2mlitebox_shim_linux::syscalls::mm[0m[2m:[0m DIAG_MMAP returned [3mtid[0m[2m=[0m2 [3maddr[0m[2m=[0m118435840 [3mlen[0m[2m=[0m8192 [3mflags[0m[2m=[0m2066 [3mreturned[0m[2m=[0m118435840 [3mrelocated[0m[2m=[0mfalse
[2m  71.595863000s[0m [31mERROR[0m [2mlitebox::mm[0m[2m:[0m DIAG_CREATE_PAGES [3mrequested[0m[2m=[0mNone [3mactual[0m[2m=[0m118489088 [3mlen[0m[2m=[0m8192 [3mend[0m[2m=[0m118497280
[2m  71.595871300s[0m [31mERROR[0m [2mlitebox_shim_linux::syscalls::mm[0m[2m:[0m DIAG_MMAP returned [3mtid[0m[2m=[0m2 [3maddr[0m[2m=[0m0 [3mlen[0m[2m=[0m8192 [3mflags[0m[2m=[0m34 [3mreturned[0m[2m=[0m118489088 [3mrelocated[0m[2m=[0mfalse
[2m  71.595908900s[0m [31mERROR[0m [2mlitebox::mm[0m[2m:[0m DIAG_CREATE_PAGES [3mrequested[0m[2m=[0mNone [3mactual[0m[2m=[0m118554624 [3mlen[0m[2m=[0m49152 [3mend[0m[2m=[0m118603776
[2m  71.595941900s[0m [31mERROR[0m [2mlitebox_shim_linux::syscalls::mm[0m[2m:[0m DIAG_ELF_PATCH init-from-scratch (cache miss) [3mpid[0m[2m=[0m2 [3mfd[0m[2m=[0m3 [3mmapped_addr[0m[2m=[0m118554624 [3mexisting_keys[0m[2m=[0m[]
[2m  71.595950600s[0m [31mERROR[0m [2mlitebox_shim_linux::syscalls::mm[0m[2m:[0m DIAG_MMAP returned [3mtid[0m[2m=[0m2 [3maddr[0m[2m=[0m0 [3mlen[0m[2m=[0m49152 [3mflags[0m[2m=[0m2050 [3mreturned[0m[2m=[0m118554624 [3mrelocated[0m[2m=[0mfalse
[2m  71.595974100s[0m [31mERROR[0m [2mlitebox::mm[0m[2m:[0m DIAG_CREATE_PAGES [3mrequested[0m[2m=[0mSome(118566912) [3mactual[0m[2m=[0m118566912 [3mlen[0m[2m=[0m20480 [3mend[0m[2m=[0m118587392
[2m  71.595999800s[0m [31mERROR[0m [2mlitebox::mm[0m[2m:[0m DIAG_CREATE_PAGES [3mrequested[0m[2m=[0mSome(118603776) [3mactual[0m[2m=[0m118603776 [3mlen[0m[2m=[0m4096 [3mend[0m[2m=[0m118607872
[2m  71.596441800s[0m [31mERROR[0m [2mlitebox_shim_linux::syscalls::mm[0m[2m:[0m DIAG_MMAP returned [3mtid[0m[2m=[0m2 [3maddr[0m[2m=[0m118566912 [3mlen[0m[2m=[0m20480 [3mflags[0m[2m=[0m2066 [3mreturned[0m[2m=[0m118566912 [3mrelocated[0m[2m=[0mfalse
[2m  71.596470400s[0m [31mERROR[0m [2mlitebox::mm[0m[2m:[0m DIAG_CREATE_PAGES [3mrequested[0m[2m=[0mSome(118587392) [3mactual[0m[2m=[0m118587392 [3mlen[0m[2m=[0m8192 [3mend[0m[2m=[0m118595584
[2m  71.596489200s[0m [31mERROR[0m [2mlitebox_shim_linux::syscalls::mm[0m[2m:[0m DIAG_MMAP returned [3mtid[0m[2m=[0m2 [3maddr[0m[2m=[0m118587392 [3mlen[0m[2m=[0m8192 [3mflags[0m[2m=[0m2066 [3mreturned[0m[2m=[0m118587392 [3mrelocated[0m[2m=[0mfalse
[2m  71.596512000s[0m [31mERROR[0m [2mlitebox::mm[0m[2m:[0m DIAG_CREATE_PAGES [3mrequested[0m[2m=[0mSome(118595584) [3mactual[0m[2m=[0m118595584 [3mlen[0m[2m=[0m8192 [3mend[0m[2m=[0m118603776
[2m  71.596523300s[0m [31mERROR[0m [2mlitebox_shim_linux::syscalls::mm[0m[2m:[0m DIAG_MMAP returned [3mtid[0m[2m=[0m2 [3maddr[0m[2m=[0m118595584 [3mlen[0m[2m=[0m8192 [3mflags[0m[2m=[0m2066 [3mreturned[0m[2m=[0m118595584 [3mrelocated[0m[2m=[0mfalse
[2m  71.596620000s[0m [31mERROR[0m [2mlitebox::mm[0m[2m:[0m DIAG_CREATE_PAGES [3mrequested[0m[2m=[0mNone [3mactual[0m[2m=[0m118620160 [3mlen[0m[2m=[0m94208 [3mend[0m[2m=[0m118714368
[2m  71.596677000s[0m [31mERROR[0m [2mlitebox_shim_linux::syscalls::mm[0m[2m:[0m DIAG_ELF_PATCH init-from-scratch (cache miss) [3mpid[0m[2m=[0m2 [3mfd[0m[2m=[0m3 [3mmapped_addr[0m[2m=[0m118620160 [3mexisting_keys[0m[2m=[0m[]
[2m  71.596686000s[0m [31mERROR[0m [2mlitebox_shim_linux::syscalls::mm[0m[2m:[0m DIAG_MMAP returned [3mtid[0m[2m=[0m2 [3maddr[0m[2m=[0m0 [3mlen[0m[2m=[0m94208 [3mflags[0m[2m=[0m2050 [3mreturned[0m[2m=[0m118620160 [3mrelocated[0m[2m=[0mfalse
[2m  71.596714300s[0m [31mERROR[0m [2mlitebox::mm[0m[2m:[0m DIAG_CREATE_PAGES [3mrequested[0m[2m=[0mSome(118640640) [3mactual[0m[2m=[0m118640640 [3mlen[0m[2m=[0m49152 [3mend[0m[2m=[0m118689792
[2m  71.596757100s[0m [31mERROR[0m [2mlitebox::mm[0m[2m:[0m DIAG_CREATE_PAGES [3mrequested[0m[2m=[0mSome(118714368) [3mactual[0m[2m=[0m118714368 [3mlen[0m[2m=[0m4096 [3mend[0m[2m=[0m118718464
[2m  71.598317500s[0m [31mERROR[0m [2mlitebox_shim_linux::syscalls::mm[0m[2m:[0m DIAG_MMAP returned [3mtid[0m[2m=[0m2 [3maddr[0m[2m=[0m118640640 [3mlen[0m[2m=[0m49152 [3mflags[0m[2m=[0m2066 [3mreturned[0m[2m=[0m118640640 [3mrelocated[0m[2m=[0mfalse
[2m  71.598448100s[0m [31mERROR[0m [2mlitebox::mm[0m[2m:[0m DIAG_CREATE_PAGES [3mrequested[0m[2m=[0mSome(118689792) [3mactual[0m[2m=[0m118689792 [3mlen[0m[2m=[0m16384 [3mend[0m[2m=[0m118706176
[2m  71.598488800s[0m [31mERROR[0m [2mlitebox_shim_linux::syscalls::mm[0m[2m:[0m DIAG_MMAP returned [3mtid[0m[2m=[0m2 [3maddr[0m[2m=[0m118689792 [3mlen[0m[2m=[0m16384 [3mflags[0m[2m=[0m2066 [3mreturned[0m[2m=[0m118689792 [3mrelocated[0m[2m=[0mfalse
[2m  71.598540700s[0m [31mERROR[0m [2mlitebox::mm[0m[2m:[0m DIAG_CREATE_PAGES [3mrequested[0m[2m=[0mSome(118706176) [3mactual[0m[2m=[0m118706176 [3mlen[0m[2m=[0m8192 [3mend[0m[2m=[0m118714368
[2m  71.598561800s[0m [31mERROR[0m [2mlitebox_shim_linux::syscalls::mm[0m[2m:[0m DIAG_MMAP returned [3mtid[0m[2m=[0m2 [3maddr[0m[2m=[0m118706176 [3mlen[0m[2m=[0m8192 [3mflags[0m[2m=[0m2066 [3mreturned[0m[2m=[0m118706176 [3mrelocated[0m[2m=[0mfalse
[2m  71.599172700s[0m [31mERROR[0m [2mlitebox::mm[0m[2m:[0m DIAG_CREATE_PAGES [3mrequested[0m[2m=[0mNone [3mactual[0m[2m=[0m118751232 [3mlen[0m[2m=[0m708608 [3mend[0m[2m=[0m119459840
[2m  71.599535100s[0m [31mERROR[0m [2mlitebox_shim_linux::syscalls::mm[0m[2m:[0m DIAG_ELF_PATCH init-from-scratch (cache miss) [3mpid[0m[2m=[0m2 [3mfd[0m[2m=[0m3 [3mmapped_addr[0m[2m=[0m118751232 [3mexisting_keys[0m[2m=[0m[]
[2m  71.599559400s[0m [31mERROR[0m [2mlitebox_shim_linux::syscalls::mm[0m[2m:[0m DIAG_MMAP returned [3mtid[0m[2m=[0m2 [3maddr[0m[2m=[0m0 [3mlen[0m[2m=[0m708608 [3mflags[0m[2m=[0m2050 [3mreturned[0m[2m=[0m118751232 [3mrelocated[0m[2m=[0mfalse
[2m  71.599798000s[0m [31mERROR[0m [2mlitebox::mm[0m[2m:[0m DIAG_CREATE_PAGES [3mrequested[0m[2m=[0mSome(118796288) [3mactual[0m[2m=[0m118796288 [3mlen[0m[2m=[0m552960 [3mend[0m[2m=[0m119349248
[2m  71.600058800s[0m [31mERROR[0m [2mlitebox::mm[0m[2m:[0m DIAG_CREATE_PAGES [3mrequested[0m[2m=[0mSome(119459840) [3mactual[0m[2m=[0m119459840 [3mlen[0m[2m=[0m4096 [3mend[0m[2m=[0m119463936
[2m  71.616252500s[0m [31mERROR[0m [2mlitebox_shim_linux::syscalls::mm[0m[2m:[0m DIAG_MMAP returned [3mtid[0m[2m=[0m2 [3maddr[0m[2m=[0m118796288 [3mlen[0m[2m=[0m552960 [3mflags[0m[2m=[0m2066 [3mreturned[0m[2m=[0m118796288 [3mrelocated[0m[2m=[0mfalse
[2m  71.616513400s[0m [31mERROR[0m [2mlitebox::mm[0m[2m:[0m DIAG_CREATE_PAGES [3mrequested[0m[2m=[0mSome(119349248) [3mactual[0m[2m=[0m119349248 [3mlen[0m[2m=[0m73728 [3mend[0m[2m=[0m119422976
[2m  71.616596200s[0m [31mERROR[0m [2mlitebox_shim_linux::syscalls::mm[0m[2m:[0m DIAG_MMAP returned [3mtid[0m[2m=[0m2 [3maddr[0m[2m=[0m119349248 [3mlen[0m[2m=[0m73728 [3mflags[0m[2m=[0m2066 [3mreturned[0m[2m=[0m119349248 [3mrelocated[0m[2m=[0mfalse
[2m  71.616754400s[0m [31mERROR[0m [2mlitebox::mm[0m[2m:[0m DIAG_CREATE_PAGES [3mrequested[0m[2m=[0mSome(119422976) [3mactual[0m[2m=[0m119422976 [3mlen[0m[2m=[0m36864 [3mend[0m[2m=[0m119459840
[2m  71.616791000s[0m [31mERROR[0m [2mlitebox_shim_linux::syscalls::mm[0m[2m:[0m DIAG_MMAP returned [3mtid[0m[2m=[0m2 [3maddr[0m[2m=[0m119422976 [3mlen[0m[2m=[0m36864 [3mflags[0m[2m=[0m2066 [3mreturned[0m[2m=[0m119422976 [3mrelocated[0m[2m=[0mfalse
[2m  71.617016000s[0m [31mERROR[0m [2mlitebox::mm[0m[2m:[0m DIAG_CREATE_PAGES [3mrequested[0m[2m=[0mNone [3mactual[0m[2m=[0m119472128 [3mlen[0m[2m=[0m196608 [3mend[0m[2m=[0m119668736
[2m  71.617122900s[0m [31mERROR[0m [2mlitebox_shim_linux::syscalls::mm[0m[2m:[0m DIAG_ELF_PATCH init-from-scratch (cache miss) [3mpid[0m[2m=[0m2 [3mfd[0m[2m=[0m3 [3mmapped_addr[0m[2m=[0m119472128 [3mexisting_keys[0m[2m=[0m[]
[2m  71.617136800s[0m [31mERROR[0m [2mlitebox_shim_linux::syscalls::mm[0m[2m:[0m DIAG_MMAP returned [3mtid[0m[2m=[0m2 [3maddr[0m[2m=[0m0 [3mlen[0m[2m=[0m196608 [3mflags[0m[2m=[0m2050 [3mreturned[0m[2m=[0m119472128 [3mrelocated[0m[2m=[0mfalse
[2m  71.617192600s[0m [31mERROR[0m [2mlitebox::mm[0m[2m:[0m DIAG_CREATE_PAGES [3mrequested[0m[2m=[0mSome(119488512) [3mactual[0m[2m=[0m119488512 [3mlen[0m[2m=[0m131072 [3mend[0m[2m=[0m119619584
[2m  71.617285400s[0m [31mERROR[0m [2mlitebox::mm[0m[2m:[0m DIAG_CREATE_PAGES [3mrequested[0m[2m=[0mSome(119668736) [3mactual[0m[2m=[0m119668736 [3mlen[0m[2m=[0m4096 [3mend[0m[2m=[0m119672832
[2m  71.620759000s[0m [31mERROR[0m [2mlitebox_shim_linux::syscalls::mm[0m[2m:[0m DIAG_MMAP returned [3mtid[0m[2m=[0m2 [3maddr[0m[2m=[0m119488512 [3mlen[0m[2m=[0m131072 [3mflags[0m[2m=[0m2066 [3mreturned[0m[2m=[0m119488512 [3mrelocated[0m[2m=[0mfalse
[2m  71.620889800s[0m [31mERROR[0m [2mlitebox::mm[0m[2m:[0m DIAG_CREATE_PAGES [3mrequested[0m[2m=[0mSome(119619584) [3mactual[0m[2m=[0m119619584 [3mlen[0m[2m=[0m36864 [3mend[0m[2m=[0m119656448
[2m  71.620952300s[0m [31mERROR[0m [2mlitebox_shim_linux::syscalls::mm[0m[2m:[0m DIAG_MMAP returned [3mtid[0m[2m=[0m2 [3maddr[0m[2m=[0m119619584 [3mlen[0m[2m=[0m36864 [3mflags[0m[2m=[0m2066 [3mreturned[0m[2m=[0m119619584 [3mrelocated[0m[2m=[0mfalse
[2m  71.621025000s[0m [31mERROR[0m [2mlitebox::mm[0m[2m:[0m DIAG_CREATE_PAGES [3mrequested[0m[2m=[0mSome(119656448) [3mactual[0m[2m=[0m119656448 [3mlen[0m[2m=[0m8192 [3mend[0m[2m=[0m119664640
[2m  71.621042100s[0m [31mERROR[0m [2mlitebox_shim_linux::syscalls::mm[0m[2m:[0m DIAG_MMAP returned [3mtid[0m[2m=[0m2 [3maddr[0m[2m=[0m119656448 [3mlen[0m[2m=[0m8192 [3mflags[0m[2m=[0m2066 [3mreturned[0m[2m=[0m119656448 [3mrelocated[0m[2m=[0mfalse
[2m  71.621069300s[0m [31mERROR[0m [2mlitebox::mm[0m[2m:[0m DIAG_CREATE_PAGES [3mrequested[0m[2m=[0mSome(119664640) [3mactual[0m[2m=[0m119664640 [3mlen[0m[2m=[0m4096 [3mend[0m[2m=[0m119668736
[2m  71.621081400s[0m [31mERROR[0m [2mlitebox_shim_linux::syscalls::mm[0m[2m:[0m DIAG_MMAP returned [3mtid[0m[2m=[0m2 [3maddr[0m[2m=[0m119664640 [3mlen[0m[2m=[0m4096 [3mflags[0m[2m=[0m50 [3mreturned[0m[2m=[0m119664640 [3mrelocated[0m[2m=[0mfalse
[2m  71.621183400s[0m [31mERROR[0m [2mlitebox::mm[0m[2m:[0m DIAG_CREATE_PAGES [3mrequested[0m[2m=[0mNone [3mactual[0m[2m=[0m119734272 [3mlen[0m[2m=[0m20480 [3mend[0m[2m=[0m119754752
[2m  71.621211700s[0m [31mERROR[0m [2mlitebox_shim_linux::syscalls::mm[0m[2m:[0m DIAG_ELF_PATCH init-from-scratch (cache miss) [3mpid[0m[2m=[0m2 [3mfd[0m[2m=[0m3 [3mmapped_addr[0m[2m=[0m119734272 [3mexisting_keys[0m[2m=[0m[]
[2m  71.621222100s[0m [31mERROR[0m [2mlitebox_shim_linux::syscalls::mm[0m[2m:[0m DIAG_MMAP returned [3mtid[0m[2m=[0m2 [3maddr[0m[2m=[0m0 [3mlen[0m[2m=[0m20480 [3mflags[0m[2m=[0m2050 [3mreturned[0m[2m=[0m119734272 [3mrelocated[0m[2m=[0mfalse
[2m  71.621247900s[0m [31mERROR[0m [2mlitebox::mm[0m[2m:[0m DIAG_CREATE_PAGES [3mrequested[0m[2m=[0mSome(119738368) [3mactual[0m[2m=[0m119738368 [3mlen[0m[2m=[0m4096 [3mend[0m[2m=[0m119742464
[2m  71.621272300s[0m [31mERROR[0m [2mlitebox::mm[0m[2m:[0m DIAG_CREATE_PAGES [3mrequested[0m[2m=[0mSome(119754752) [3mactual[0m[2m=[0m119754752 [3mlen[0m[2m=[0m4096 [3mend[0m[2m=[0m119758848
[2m  71.621487900s[0m [31mERROR[0m [2mlitebox_shim_linux::syscalls::mm[0m[2m:[0m DIAG_MMAP returned [3mtid[0m[2m=[0m2 [3maddr[0m[2m=[0m119738368 [3mlen[0m[2m=[0m4096 [3mflags[0m[2m=[0m2066 [3mreturned[0m[2m=[0m119738368 [3mrelocated[0m[2m=[0mfalse
[2m  71.621556700s[0m [31mERROR[0m [2mlitebox::mm[0m[2m:[0m DIAG_CREATE_PAGES [3mrequested[0m[2m=[0mSome(119742464) [3mactual[0m[2m=[0m119742464 [3mlen[0m[2m=[0m4096 [3mend[0m[2m=[0m119746560
[2m  71.621591500s[0m [31mERROR[0m [2mlitebox_shim_linux::syscalls::mm[0m[2m:[0m DIAG_MMAP returned [3mtid[0m[2m=[0m2 [3maddr[0m[2m=[0m119742464 [3mlen[0m[2m=[0m4096 [3mflags[0m[2m=[0m2066 [3mreturned[0m[2m=[0m119742464 [3mrelocated[0m[2m=[0mfalse
[2m  71.621633500s[0m [31mERROR[0m [2mlitebox::mm[0m[2m:[0m DIAG_CREATE_PAGES [3mrequested[0m[2m=[0mSome(119746560) [3mactual[0m[2m=[0m119746560 [3mlen[0m[2m=[0m8192 [3mend[0m[2m=[0m119754752
[2m  71.621656200s[0m [31mERROR[0m [2mlitebox_shim_linux::syscalls::mm[0m[2m:[0m DIAG_MMAP returned [3mtid[0m[2m=[0m2 [3maddr[0m[2m=[0m119746560 [3mlen[0m[2m=[0m8192 [3mflags[0m[2m=[0m2066 [3mreturned[0m[2m=[0m119746560 [3mrelocated[0m[2m=[0mfalse
[2m  71.622482600s[0m [31mERROR[0m [2mlitebox::mm[0m[2m:[0m DIAG_CREATE_PAGES [3mrequested[0m[2m=[0mNone [3mactual[0m[2m=[0m119799808 [3mlen[0m[2m=[0m1138688 [3mend[0m[2m=[0m120938496
[2m  71.622887700s[0m [31mERROR[0m [2mlitebox_shim_linux::syscalls::mm[0m[2m:[0m DIAG_ELF_PATCH init-from-scratch (cache miss) [3mpid[0m[2m=[0m2 [3mfd[0m[2m=[0m3 [3mmapped_addr[0m[2m=[0m119799808 [3mexisting_keys[0m[2m=[0m[]
[2m  71.622901200s[0m [31mERROR[0m [2mlitebox_shim_linux::syscalls::mm[0m[2m:[0m DIAG_MMAP returned [3mtid[0m[2m=[0m2 [3maddr[0m[2m=[0m0 [3mlen[0m[2m=[0m1138688 [3mflags[0m[2m=[0m2050 [3mreturned[0m[2m=[0m119799808 [3mrelocated[0m[2m=[0mfalse
[2m  71.623081400s[0m [31mERROR[0m [2mlitebox::mm[0m[2m:[0m DIAG_CREATE_PAGES [3mrequested[0m[2m=[0mSome(119914496) [3mactual[0m[2m=[0m119914496 [3mlen[0m[2m=[0m716800 [3mend[0m[2m=[0m120631296
[2m  71.623387400s[0m [31mERROR[0m [2mlitebox::mm[0m[2m:[0m DIAG_CREATE_PAGES [3mrequested[0m[2m=[0mSome(120938496) [3mactual[0m[2m=[0m120938496 [3mlen[0m[2m=[0m4096 [3mend[0m[2m=[0m120942592
[2m  71.641817900s[0m [31mERROR[0m [2mlitebox_shim_linux::syscalls::mm[0m[2m:[0m DIAG_MMAP returned [3mtid[0m[2m=[0m2 [3maddr[0m[2m=[0m119914496 [3mlen[0m[2m=[0m716800 [3mflags[0m[2m=[0m2066 [3mreturned[0m[2m=[0m119914496 [3mrelocated[0m[2m=[0mfalse
[2m  71.642240000s[0m [31mERROR[0m [2mlitebox::mm[0m[2m:[0m DIAG_CREATE_PAGES [3mrequested[0m[2m=[0mSome(120631296) [3mactual[0m[2m=[0m120631296 [3mlen[0m[2m=[0m245760 [3mend[0m[2m=[0m120877056
[2m  71.642375700s[0m [31mERROR[0m [2mlitebox_shim_linux::syscalls::mm[0m[2m:[0m DIAG_MMAP returned [3mtid[0m[2m=[0m2 [3maddr[0m[2m=[0m120631296 [3mlen[0m[2m=[0m245760 [3mflags[0m[2m=[0m2066 [3mreturned[0m[2m=[0m120631296 [3mrelocated[0m[2m=[0mfalse
[2m  71.642569300s[0m [31mERROR[0m [2mlitebox::mm[0m[2m:[0m DIAG_CREATE_PAGES [3mrequested[0m[2m=[0mSome(120877056) [3mactual[0m[2m=[0m120877056 [3mlen[0m[2m=[0m57344 [3mend[0m[2m=[0m120934400
[2m  71.642654700s[0m [31mERROR[0m [2mlitebox_shim_linux::syscalls::mm[0m[2m:[0m DIAG_MMAP returned [3mtid[0m[2m=[0m2 [3maddr[0m[2m=[0m120877056 [3mlen[0m[2m=[0m57344 [3mflags[0m[2m=[0m2066 [3mreturned[0m[2m=[0m120877056 [3mrelocated[0m[2m=[0mfalse
[2m  71.642703400s[0m [31mERROR[0m [2mlitebox::mm[0m[2m:[0m DIAG_CREATE_PAGES [3mrequested[0m[2m=[0mSome(120934400) [3mactual[0m[2m=[0m120934400 [3mlen[0m[2m=[0m4096 [3mend[0m[2m=[0m120938496
[2m  71.642717300s[0m [31mERROR[0m [2mlitebox_shim_linux::syscalls::mm[0m[2m:[0m DIAG_MMAP returned [3mtid[0m[2m=[0m2 [3maddr[0m[2m=[0m120934400 [3mlen[0m[2m=[0m4096 [3mflags[0m[2m=[0m50 [3mreturned[0m[2m=[0m120934400 [3mrelocated[0m[2m=[0mfalse
[2m  71.642888500s[0m [31mERROR[0m [2mlitebox::mm[0m[2m:[0m DIAG_CREATE_PAGES [3mrequested[0m[2m=[0mNone [3mactual[0m[2m=[0m120979456 [3mlen[0m[2m=[0m8192 [3mend[0m[2m=[0m120987648
[2m  71.642904300s[0m [31mERROR[0m [2mlitebox_shim_linux::syscalls::mm[0m[2m:[0m DIAG_MMAP returned [3mtid[0m[2m=[0m2 [3maddr[0m[2m=[0m0 [3mlen[0m[2m=[0m8192 [3mflags[0m[2m=[0m34 [3mreturned[0m[2m=[0m120979456 [3mrelocated[0m[2m=[0mfalse
[2m  71.642943200s[0m [31mERROR[0m [2mlitebox::mm[0m[2m:[0m DIAG_CREATE_PAGES [3mrequested[0m[2m=[0mNone [3mactual[0m[2m=[0m121044992 [3mlen[0m[2m=[0m20480 [3mend[0m[2m=[0m121065472
[2m  71.642976700s[0m [31mERROR[0m [2mlitebox_shim_linux::syscalls::mm[0m[2m:[0m DIAG_ELF_PATCH init-from-scratch (cache miss) [3mpid[0m[2m=[0m2 [3mfd[0m[2m=[0m3 [3mmapped_addr[0m[2m=[0m121044992 [3mexisting_keys[0m[2m=[0m[]
[2m  71.642989600s[0m [31mERROR[0m [2mlitebox_shim_linux::syscalls::mm[0m[2m:[0m DIAG_MMAP returned [3mtid[0m[2m=[0m2 [3maddr[0m[2m=[0m0 [3mlen[0m[2m=[0m20480 [3mflags[0m[2m=[0m2050 [3mreturned[0m[2m=[0m121044992 [3mrelocated[0m[2m=[0mfalse
[2m  71.643021400s[0m [31mERROR[0m [2mlitebox::mm[0m[2m:[0m DIAG_CREATE_PAGES [3mrequested[0m[2m=[0mSome(121049088) [3mactual[0m[2m=[0m121049088 [3mlen[0m[2m=[0m4096 [3mend[0m[2m=[0m121053184
[2m  71.643050900s[0m [31mERROR[0m [2mlitebox::mm[0m[2m:[0m DIAG_CREATE_PAGES [3mrequested[0m[2m=[0mSome(121065472) [3mactual[0m[2m=[0m121065472 [3mlen[0m[2m=[0m4096 [3mend[0m[2m=[0m121069568
[2m  71.643244800s[0m [31mERROR[0m [2mlitebox_shim_linux::syscalls::mm[0m[2m:[0m DIAG_MMAP returned [3mtid[0m[2m=[0m2 [3maddr[0m[2m=[0m121049088 [3mlen[0m[2m=[0m4096 [3mflags[0m[2m=[0m2066 [3mreturned[0m[2m=[0m121049088 [3mrelocated[0m[2m=[0mfalse
[2m  71.643280800s[0m [31mERROR[0m [2mlitebox::mm[0m[2m:[0m DIAG_CREATE_PAGES [3mrequested[0m[2m=[0mSome(121053184) [3mactual[0m[2m=[0m121053184 [3mlen[0m[2m=[0m4096 [3mend[0m[2m=[0m121057280
[2m  71.643300000s[0m [31mERROR[0m [2mlitebox_shim_linux::syscalls::mm[0m[2m:[0m DIAG_MMAP returned [3mtid[0m[2m=[0m2 [3maddr[0m[2m=[0m121053184 [3mlen[0m[2m=[0m4096 [3mflags[0m[2m=[0m2066 [3mreturned[0m[2m=[0m121053184 [3mrelocated[0m[2m=[0mfalse
[2m  71.643332700s[0m [31mERROR[0m [2mlitebox::mm[0m[2m:[0m DIAG_CREATE_PAGES [3mrequested[0m[2m=[0mSome(121057280) [3mactual[0m[2m=[0m121057280 [3mlen[0m[2m=[0m8192 [3mend[0m[2m=[0m121065472
[2m  71.643348700s[0m [31mERROR[0m [2mlitebox_shim_linux::syscalls::mm[0m[2m:[0m DIAG_MMAP returned [3mtid[0m[2m=[0m2 [3maddr[0m[2m=[0m121057280 [3mlen[0m[2m=[0m8192 [3mflags[0m[2m=[0m2066 [3mreturned[0m[2m=[0m121057280 [3mrelocated[0m[2m=[0mfalse
[2m  71.643445200s[0m [31mERROR[0m [2mlitebox::mm[0m[2m:[0m DIAG_CREATE_PAGES [3mrequested[0m[2m=[0mNone [3mactual[0m[2m=[0m121110528 [3mlen[0m[2m=[0m32768 [3mend[0m[2m=[0m121143296
[2m  71.643483700s[0m [31mERROR[0m [2mlitebox_shim_linux::syscalls::mm[0m[2m:[0m DIAG_ELF_PATCH init-from-scratch (cache miss) [3mpid[0m[2m=[0m2 [3mfd[0m[2m=[0m3 [3mmapped_addr[0m[2m=[0m121110528 [3mexisting_keys[0m[2m=[0m[]
[2m  71.643494700s[0m [31mERROR[0m [2mlitebox_shim_linux::syscalls::mm[0m[2m:[0m DIAG_MMAP returned [3mtid[0m[2m=[0m2 [3maddr[0m[2m=[0m0 [3mlen[0m[2m=[0m32768 [3mflags[0m[2m=[0m2050 [3mreturned[0m[2m=[0m121110528 [3mrelocated[0m[2m=[0mfalse
[2m  71.643526600s[0m [31mERROR[0m [2mlitebox::mm[0m[2m:[0m DIAG_CREATE_PAGES [3mrequested[0m[2m=[0mSome(121118720) [3mactual[0m[2m=[0m121118720 [3mlen[0m[2m=[0m8192 [3mend[0m[2m=[0m121126912
[2m  71.643556700s[0m [31mERROR[0m [2mlitebox::mm[0m[2m:[0m DIAG_CREATE_PAGES [3mrequested[0m[2m=[0mSome(121143296) [3mactual[0m[2m=[0m121143296 [3mlen[0m[2m=[0m4096 [3mend[0m[2m=[0m121147392
[2m  71.643821500s[0m [31mERROR[0m [2mlitebox_shim_linux::syscalls::mm[0m[2m:[0m DIAG_MMAP returned [3mtid[0m[2m=[0m2 [3maddr[0m[2m=[0m121118720 [3mlen[0m[2m=[0m8192 [3mflags[0m[2m=[0m2066 [3mreturned[0m[2m=[0m121118720 [3mrelocated[0m[2m=[0mfalse
[2m  71.643860700s[0m [31mERROR[0m [2mlitebox::mm[0m[2m:[0m DIAG_CREATE_PAGES [3mrequested[0m[2m=[0mSome(121126912) [3mactual[0m[2m=[0m121126912 [3mlen[0m[2m=[0m8192 [3mend[0m[2m=[0m121135104
[2m  71.643882000s[0m [31mERROR[0m [2mlitebox_shim_linux::syscalls::mm[0m[2m:[0m DIAG_MMAP returned [3mtid[0m[2m=[0m2 [3maddr[0m[2m=[0m121126912 [3mlen[0m[2m=[0m8192 [3mflags[0m[2m=[0m2066 [3mreturned[0m[2m=[0m121126912 [3mrelocated[0m[2m=[0mfalse
[2m  71.643911300s[0m [31mERROR[0m [2mlitebox::mm[0m[2m:[0m DIAG_CREATE_PAGES [3mrequested[0m[2m=[0mSome(121135104) [3mactual[0m[2m=[0m121135104 [3mlen[0m[2m=[0m8192 [3mend[0m[2m=[0m121143296
[2m  71.643924000s[0m [31mERROR[0m [2mlitebox_shim_linux::syscalls::mm[0m[2m:[0m DIAG_MMAP returned [3mtid[0m[2m=[0m2 [3maddr[0m[2m=[0m121135104 [3mlen[0m[2m=[0m8192 [3mflags[0m[2m=[0m2066 [3mreturned[0m[2m=[0m121135104 [3mrelocated[0m[2m=[0mfalse
[2m  71.644060700s[0m [31mERROR[0m [2mlitebox::mm[0m[2m:[0m DIAG_CREATE_PAGES [3mrequested[0m[2m=[0mNone [3mactual[0m[2m=[0m121176064 [3mlen[0m[2m=[0m225280 [3mend[0m[2m=[0m121401344
[2m  71.644167000s[0m [31mERROR[0m [2mlitebox_shim_linux::syscalls::mm[0m[2m:[0m DIAG_ELF_PATCH init-from-scratch (cache miss) [3mpid[0m[2m=[0m2 [3mfd[0m[2m=[0m3 [3mmapped_addr[0m[2m=[0m121176064 [3mexisting_keys[0m[2m=[0m[]
[2m  71.644184100s[0m [31mERROR[0m [2mlitebox_shim_linux::syscalls::mm[0m[2m:[0m DIAG_MMAP returned [3mtid[0m[2m=[0m2 [3maddr[0m[2m=[0m0 [3mlen[0m[2m=[0m225280 [3mflags[0m[2m=[0m2050 [3mreturned[0m[2m=[0m121176064 [3mrelocated[0m[2m=[0mfalse
[2m  71.644246500s[0m [31mERROR[0m [2mlitebox::mm[0m[2m:[0m DIAG_CREATE_PAGES [3mrequested[0m[2m=[0mSome(121188352) [3mactual[0m[2m=[0m121188352 [3mlen[0m[2m=[0m49152 [3mend[0m[2m=[0m121237504
[2m  71.644310600s[0m [31mERROR[0m [2mlitebox::mm[0m[2m:[0m DIAG_CREATE_PAGES [3mrequested[0m[2m=[0mSome(121401344) [3mactual[0m[2m=[0m121401344 [3mlen[0m[2m=[0m4096 [3mend[0m[2m=[0m121405440
[2m  71.645565200s[0m [31mERROR[0m [2mlitebox_shim_linux::syscalls::mm[0m[2m:[0m DIAG_MMAP returned [3mtid[0m[2m=[0m2 [3maddr[0m[2m=[0m121188352 [3mlen[0m[2m=[0m49152 [3mflags[0m[2m=[0m2066 [3mreturned[0m[2m=[0m121188352 [3mrelocated[0m[2m=[0mfalse
[2m  71.645631600s[0m [31mERROR[0m [2mlitebox::mm[0m[2m:[0m DIAG_CREATE_PAGES [3mrequested[0m[2m=[0mSome(121237504) [3mactual[0m[2m=[0m121237504 [3mlen[0m[2m=[0m90112 [3mend[0m[2m=[0m121327616
[2m  71.645678700s[0m [31mERROR[0m [2mlitebox_shim_linux::syscalls::mm[0m[2m:[0m DIAG_MMAP returned [3mtid[0m[2m=[0m2 [3maddr[0m[2m=[0m121237504 [3mlen[0m[2m=[0m90112 [3mflags[0m[2m=[0m2066 [3mreturned[0m[2m=[0m121237504 [3mrelocated[0m[2m=[0mfalse
[2m  71.645713800s[0m [31mERROR[0m [2mlitebox::mm[0m[2m:[0m DIAG_CREATE_PAGES [3mrequested[0m[2m=[0mSome(121327616) [3mactual[0m[2m=[0m121327616 [3mlen[0m[2m=[0m8192 [3mend[0m[2m=[0m121335808
[2m  71.645733400s[0m [31mERROR[0m [2mlitebox_shim_linux::syscalls::mm[0m[2m:[0m DIAG_MMAP returned [3mtid[0m[2m=[0m2 [3maddr[0m[2m=[0m121327616 [3mlen[0m[2m=[0m8192 [3mflags[0m[2m=[0m2066 [3mreturned[0m[2m=[0m121327616 [3mrelocated[0m[2m=[0mfalse
[2m  71.645876700s[0m [31mERROR[0m [2mlitebox::mm[0m[2m:[0m DIAG_CREATE_PAGES [3mrequested[0m[2m=[0mSome(121335808) [3mactual[0m[2m=[0m121335808 [3mlen[0m[2m=[0m65536 [3mend[0m[2m=[0m121401344
[2m  71.645899500s[0m [31mERROR[0m [2mlitebox_shim_linux::syscalls::mm[0m[2m:[0m DIAG_MMAP returned [3mtid[0m[2m=[0m2 [3maddr[0m[2m=[0m121335808 [3mlen[0m[2m=[0m65536 [3mflags[0m[2m=[0m50 [3mreturned[0m[2m=[0m121335808 [3mrelocated[0m[2m=[0mfalse
[2m  71.646960900s[0m [31mERROR[0m [2mlitebox::mm[0m[2m:[0m DIAG_CREATE_PAGES [3mrequested[0m[2m=[0mNone [3mactual[0m[2m=[0m121438208 [3mlen[0m[2m=[0m983040 [3mend[0m[2m=[0m122421248
[2m  71.647450800s[0m [31mERROR[0m [2mlitebox_shim_linux::syscalls::mm[0m[2m:[0m DIAG_ELF_PATCH init-from-scratch (cache miss) [3mpid[0m[2m=[0m2 [3mfd[0m[2m=[0m3 [3mmapped_addr[0m[2m=[0m121438208 [3mexisting_keys[0m[2m=[0m[]
[2m  71.647474300s[0m [31mERROR[0m [2mlitebox_shim_linux::syscalls::mm[0m[2m:[0m DIAG_MMAP returned [3mtid[0m[2m=[0m2 [3maddr[0m[2m=[0m0 [3mlen[0m[2m=[0m983040 [3mflags[0m[2m=[0m2050 [3mreturned[0m[2m=[0m121438208 [3mrelocated[0m[2m=[0mfalse
[2m  71.647662400s[0m [31mERROR[0m [2mlitebox::mm[0m[2m:[0m DIAG_CREATE_PAGES [3mrequested[0m[2m=[0mSome(121507840) [3mactual[0m[2m=[0m121507840 [3mlen[0m[2m=[0m512000 [3mend[0m[2m=[0m122019840
[2m  71.647859900s[0m [31mERROR[0m [2mlitebox::mm[0m[2m:[0m DIAG_CREATE_PAGES [3mrequested[0m[2m=[0mSome(122421248) [3mactual[0m[2m=[0m122421248 [3mlen[0m[2m=[0m4096 [3mend[0m[2m=[0m122425344
[2m  71.660437600s[0m [31mERROR[0m [2mlitebox_shim_linux::syscalls::mm[0m[2m:[0m DIAG_MMAP returned [3mtid[0m[2m=[0m2 [3maddr[0m[2m=[0m121507840 [3mlen[0m[2m=[0m512000 [3mflags[0m[2m=[0m2066 [3mreturned[0m[2m=[0m121507840 [3mrelocated[0m[2m=[0mfalse
[2m  71.660961000s[0m [31mERROR[0m [2mlitebox::mm[0m[2m:[0m DIAG_CREATE_PAGES [3mrequested[0m[2m=[0mSome(122019840) [3mactual[0m[2m=[0m122019840 [3mlen[0m[2m=[0m393216 [3mend[0m[2m=[0m122413056
[2m  71.661229400s[0m [31mERROR[0m [2mlitebox_shim_linux::syscalls::mm[0m[2m:[0m DIAG_MMAP returned [3mtid[0m[2m=[0m2 [3maddr[0m[2m=[0m122019840 [3mlen[0m[2m=[0m393216 [3mflags[0m[2m=[0m2066 [3mreturned[0m[2m=[0m122019840 [3mrelocated[0m[2m=[0mfalse
[2m  71.661452000s[0m [31mERROR[0m [2mlitebox::mm[0m[2m:[0m DIAG_CREATE_PAGES [3mrequested[0m[2m=[0mSome(122413056) [3mactual[0m[2m=[0m122413056 [3mlen[0m[2m=[0m8192 [3mend[0m[2m=[0m122421248
[2m  71.661480100s[0m [31mERROR[0m [2mlitebox_shim_linux::syscalls::mm[0m[2m:[0m DIAG_MMAP returned [3mtid[0m[2m=[0m2 [3maddr[0m[2m=[0m122413056 [3mlen[0m[2m=[0m8192 [3mflags[0m[2m=[0m2066 [3mreturned[0m[2m=[0m122413056 [3mrelocated[0m[2m=[0mfalse
[2m  71.662446300s[0m [31mERROR[0m [2mlitebox::mm[0m[2m:[0m DIAG_CREATE_PAGES [3mrequested[0m[2m=[0mNone [3mactual[0m[2m=[0m122486784 [3mlen[0m[2m=[0m2048000 [3mend[0m[2m=[0m124534784
[2m  71.663572200s[0m [31mERROR[0m [2mlitebox_shim_linux::syscalls::mm[0m[2m:[0m DIAG_ELF_PATCH init-from-scratch (cache miss) [3mpid[0m[2m=[0m2 [3mfd[0m[2m=[0m3 [3mmapped_addr[0m[2m=[0m122486784 [3mexisting_keys[0m[2m=[0m[]
[2m  71.663597700s[0m [31mERROR[0m [2mlitebox_shim_linux::syscalls::mm[0m[2m:[0m DIAG_MMAP returned [3mtid[0m[2m=[0m2 [3maddr[0m[2m=[0m0 [3mlen[0m[2m=[0m2048000 [3mflags[0m[2m=[0m2050 [3mreturned[0m[2m=[0m122486784 [3mrelocated[0m[2m=[0mfalse
[2m  71.664430800s[0m [31mERROR[0m [2mlitebox::mm[0m[2m:[0m DIAG_CREATE_PAGES [3mrequested[0m[2m=[0mSome(122650624) [3mactual[0m[2m=[0m122650624 [3mlen[0m[2m=[0m1454080 [3mend[0m[2m=[0m124104704
[2m  71.664961100s[0m [31mERROR[0m [2mlitebox::mm[0m[2m:[0m DIAG_CREATE_PAGES [3mrequested[0m[2m=[0mSome(124534784) [3mactual[0m[2m=[0m124534784 [3mlen[0m[2m=[0m12288 [3mend[0m[2m=[0m124547072
[2m  71.664991200s[0m [31mERROR[0m [2mlitebox_shim_linux::syscalls::mm[0m[2m:[0m DIAG_MMAP returned [3mtid[0m[2m=[0m2 [3maddr[0m[2m=[0m122650624 [3mlen[0m[2m=[0m1454080 [3mflags[0m[2m=[0m2066 [3mreturned[0m[2m=[0m122650624 [3mrelocated[0m[2m=[0mfalse
[2m  71.665372900s[0m [31mERROR[0m [2mlitebox::mm[0m[2m:[0m DIAG_CREATE_PAGES [3mrequested[0m[2m=[0mSome(124104704) [3mactual[0m[2m=[0m124104704 [3mlen[0m[2m=[0m352256 [3mend[0m[2m=[0m124456960
[2m  71.665482400s[0m [31mERROR[0m [2mlitebox_shim_linux::syscalls::mm[0m[2m:[0m DIAG_MMAP returned [3mtid[0m[2m=[0m2 [3maddr[0m[2m=[0m124104704 [3mlen[0m[2m=[0m352256 [3mflags[0m[2m=[0m2066 [3mreturned[0m[2m=[0m124104704 [3mrelocated[0m[2m=[0mfalse
[2m  71.665826700s[0m [31mERROR[0m [2mlitebox::mm[0m[2m:[0m DIAG_CREATE_PAGES [3mrequested[0m[2m=[0mSome(124456960) [3mactual[0m[2m=[0m124456960 [3mlen[0m[2m=[0m24576 [3mend[0m[2m=[0m124481536
[2m  71.665847500s[0m [31mERROR[0m [2mlitebox_shim_linux::syscalls::mm[0m[2m:[0m DIAG_MMAP returned [3mtid[0m[2m=[0m2 [3maddr[0m[2m=[0m124456960 [3mlen[0m[2m=[0m24576 [3mflags[0m[2m=[0m2066 [3mreturned[0m[2m=[0m124456960 [3mrelocated[0m[2m=[0mfalse
[2m  71.665873000s[0m [31mERROR[0m [2mlitebox::mm[0m[2m:[0m DIAG_CREATE_PAGES [3mrequested[0m[2m=[0mSome(124481536) [3mactual[0m[2m=[0m124481536 [3mlen[0m[2m=[0m53248 [3mend[0m[2m=[0m124534784
[2m  71.665879600s[0m [31mERROR[0m [2mlitebox_shim_linux::syscalls::mm[0m[2m:[0m DIAG_MMAP returned [3mtid[0m[2m=[0m2 [3maddr[0m[2m=[0m124481536 [3mlen[0m[2m=[0m53248 [3mflags[0m[2m=[0m50 [3mreturned[0m[2m=[0m124481536 [3mrelocated[0m[2m=[0mfalse
[2m  71.665976300s[0m [31mERROR[0m [2mlitebox::mm[0m[2m:[0m DIAG_CREATE_PAGES [3mrequested[0m[2m=[0mNone [3mactual[0m[2m=[0m124583936 [3mlen[0m[2m=[0m49152 [3mend[0m[2m=[0m124633088
[2m  71.666020000s[0m [31mERROR[0m [2mlitebox_shim_linux::syscalls::mm[0m[2m:[0m DIAG_ELF_PATCH init-from-scratch (cache miss) [3mpid[0m[2m=[0m2 [3mfd[0m[2m=[0m3 [3mmapped_addr[0m[2m=[0m124583936 [3mexisting_keys[0m[2m=[0m[]
[2m  71.666029300s[0m [31mERROR[0m [2mlitebox_shim_linux::syscalls::mm[0m[2m:[0m DIAG_MMAP returned [3mtid[0m[2m=[0m2 [3maddr[0m[2m=[0m0 [3mlen[0m[2m=[0m49152 [3mflags[0m[2m=[0m2050 [3mreturned[0m[2m=[0m124583936 [3mrelocated[0m[2m=[0mfalse
[2m  71.666058800s[0m [31mERROR[0m [2mlitebox::mm[0m[2m:[0m DIAG_CREATE_PAGES [3mrequested[0m[2m=[0mSome(124596224) [3mactual[0m[2m=[0m124596224 [3mlen[0m[2m=[0m20480 [3mend[0m[2m=[0m124616704
[2m  71.666089700s[0m [31mERROR[0m [2mlitebox::mm[0m[2m:[0m DIAG_CREATE_PAGES [3mrequested[0m[2m=[0mSome(124633088) [3mactual[0m[2m=[0m124633088 [3mlen[0m[2m=[0m4096 [3mend[0m[2m=[0m124637184
[2m  71.666759800s[0m [31mERROR[0m [2mlitebox_shim_linux::syscalls::mm[0m[2m:[0m DIAG_MMAP returned [3mtid[0m[2m=[0m2 [3maddr[0m[2m=[0m124596224 [3mlen[0m[2m=[0m20480 [3mflags[0m[2m=[0m2066 [3mreturned[0m[2m=[0m124596224 [3mrelocated[0m[2m=[0mfalse
[2m  71.666800900s[0m [31mERROR[0m [2mlitebox::mm[0m[2m:[0m DIAG_CREATE_PAGES [3mrequested[0m[2m=[0mSome(124616704) [3mactual[0m[2m=[0m124616704 [3mlen[0m[2m=[0m8192 [3mend[0m[2m=[0m124624896
[2m  71.666830800s[0m [31mERROR[0m [2mlitebox_shim_linux::syscalls::mm[0m[2m:[0m DIAG_MMAP returned [3mtid[0m[2m=[0m2 [3maddr[0m[2m=[0m124616704 [3mlen[0m[2m=[0m8192 [3mflags[0m[2m=[0m2066 [3mreturned[0m[2m=[0m124616704 [3mrelocated[0m[2m=[0mfalse
[2m  71.666870800s[0m [31mERROR[0m [2mlitebox::mm[0m[2m:[0m DIAG_CREATE_PAGES [3mrequested[0m[2m=[0mSome(124624896) [3mactual[0m[2m=[0m124624896 [3mlen[0m[2m=[0m8192 [3mend[0m[2m=[0m124633088
[2m  71.666890900s[0m [31mERROR[0m [2mlitebox_shim_linux::syscalls::mm[0m[2m:[0m DIAG_MMAP returned [3mtid[0m[2m=[0m2 [3maddr[0m[2m=[0m124624896 [3mlen[0m[2m=[0m8192 [3mflags[0m[2m=[0m2066 [3mreturned[0m[2m=[0m124624896 [3mrelocated[0m[2m=[0mfalse
[2m  71.666953900s[0m [31mERROR[0m [2mlitebox::mm[0m[2m:[0m DIAG_CREATE_PAGES [3mrequested[0m[2m=[0mNone [3mactual[0m[2m=[0m124649472 [3mlen[0m[2m=[0m8192 [3mend[0m[2m=[0m124657664
[2m  71.666965900s[0m [31mERROR[0m [2mlitebox_shim_linux::syscalls::mm[0m[2m:[0m DIAG_MMAP returned [3mtid[0m[2m=[0m2 [3maddr[0m[2m=[0m0 [3mlen[0m[2m=[0m8192 [3mflags[0m[2m=[0m34 [3mreturned[0m[2m=[0m124649472 [3mrelocated[0m[2m=[0mfalse
[2m  71.667606200s[0m [31mERROR[0m [2mlitebox::mm[0m[2m:[0m DIAG_CREATE_PAGES [3mrequested[0m[2m=[0mNone [3mactual[0m[2m=[0m124715008 [3mlen[0m[2m=[0m716800 [3mend[0m[2m=[0m125431808
[2m  71.668028300s[0m [31mERROR[0m [2mlitebox_shim_linux::syscalls::mm[0m[2m:[0m DIAG_ELF_PATCH init-from-scratch (cache miss) [3mpid[0m[2m=[0m2 [3mfd[0m[2m=[0m3 [3mmapped_addr[0m[2m=[0m124715008 [3mexisting_keys[0m[2m=[0m[]
[2m  71.668056700s[0m [31mERROR[0m [2mlitebox_shim_linux::syscalls::mm[0m[2m:[0m DIAG_MMAP returned [3mtid[0m[2m=[0m2 [3maddr[0m[2m=[0m0 [3mlen[0m[2m=[0m716800 [3mflags[0m[2m=[0m2050 [3mreturned[0m[2m=[0m124715008 [3mrelocated[0m[2m=[0mfalse
[2m  71.668341000s[0m [31mERROR[0m [2mlitebox::mm[0m[2m:[0m DIAG_CREATE_PAGES [3mrequested[0m[2m=[0mSome(124727296) [3mactual[0m[2m=[0m124727296 [3mlen[0m[2m=[0m503808 [3mend[0m[2m=[0m125231104
[2m  71.668663100s[0m [31mERROR[0m [2mlitebox::mm[0m[2m:[0m DIAG_CREATE_PAGES [3mrequested[0m[2m=[0mSome(125431808) [3mactual[0m[2m=[0m125431808 [3mlen[0m[2m=[0m4096 [3mend[0m[2m=[0m125435904
[2m  71.682030200s[0m [31mERROR[0m [2mlitebox_shim_linux::syscalls::mm[0m[2m:[0m DIAG_MMAP returned [3mtid[0m[2m=[0m2 [3maddr[0m[2m=[0m124727296 [3mlen[0m[2m=[0m503808 [3mflags[0m[2m=[0m2066 [3mreturned[0m[2m=[0m124727296 [3mrelocated[0m[2m=[0mfalse
[2m  71.682348500s[0m [31mERROR[0m [2mlitebox::mm[0m[2m:[0m DIAG_CREATE_PAGES [3mrequested[0m[2m=[0mSome(125231104) [3mactual[0m[2m=[0m125231104 [3mlen[0m[2m=[0m192512 [3mend[0m[2m=[0m125423616
[2m  71.682464500s[0m [31mERROR[0m [2mlitebox_shim_linux::syscalls::mm[0m[2m:[0m DIAG_MMAP returned [3mtid[0m[2m=[0m2 [3maddr[0m[2m=[0m125231104 [3mlen[0m[2m=[0m192512 [3mflags[0m[2m=[0m2066 [3mreturned[0m[2m=[0m125231104 [3mrelocated[0m[2m=[0mfalse
[2m  71.682562800s[0m [31mERROR[0m [2mlitebox::mm[0m[2m:[0m DIAG_CREATE_PAGES [3mrequested[0m[2m=[0mSome(125423616) [3mactual[0m[2m=[0m125423616 [3mlen[0m[2m=[0m8192 [3mend[0m[2m=[0m125431808
[2m  71.682584300s[0m [31mERROR[0m [2mlitebox_shim_linux::syscalls::mm[0m[2m:[0m DIAG_MMAP returned [3mtid[0m[2m=[0m2 [3maddr[0m[2m=[0m125423616 [3mlen[0m[2m=[0m8192 [3mflags[0m[2m=[0m2066 [3mreturned[0m[2m=[0m125423616 [3mrelocated[0m[2m=[0mfalse
[2m  71.682860900s[0m [31mERROR[0m [2mlitebox::mm[0m[2m:[0m DIAG_CREATE_PAGES [3mrequested[0m[2m=[0mNone [3mactual[0m[2m=[0m125435904 [3mlen[0m[2m=[0m200704 [3mend[0m[2m=[0m125636608
[2m  71.682990300s[0m [31mERROR[0m [2mlitebox_shim_linux::syscalls::mm[0m[2m:[0m DIAG_ELF_PATCH init-from-scratch (cache miss) [3mpid[0m[2m=[0m2 [3mfd[0m[2m=[0m3 [3mmapped_addr[0m[2m=[0m125435904 [3mexisting_keys[0m[2m=[0m[]
[2m  71.683009800s[0m [31mERROR[0m [2mlitebox_shim_linux::syscalls::mm[0m[2m:[0m DIAG_MMAP returned [3mtid[0m[2m=[0m2 [3maddr[0m[2m=[0m0 [3mlen[0m[2m=[0m200704 [3mflags[0m[2m=[0m2050 [3mreturned[0m[2m=[0m125435904 [3mrelocated[0m[2m=[0mfalse
[2m  71.683074000s[0m [31mERROR[0m [2mlitebox::mm[0m[2m:[0m DIAG_CREATE_PAGES [3mrequested[0m[2m=[0mSome(125452288) [3mactual[0m[2m=[0m125452288 [3mlen[0m[2m=[0m126976 [3mend[0m[2m=[0m125579264
[2m  71.683186100s[0m [31mERROR[0m [2mlitebox::mm[0m[2m:[0m DIAG_CREATE_PAGES [3mrequested[0m[2m=[0mSome(125636608) [3mactual[0m[2m=[0m125636608 [3mlen[0m[2m=[0m4096 [3mend[0m[2m=[0m125640704
[2m  71.686514100s[0m [31mERROR[0m [2mlitebox_shim_linux::syscalls::mm[0m[2m:[0m DIAG_MMAP returned [3mtid[0m[2m=[0m2 [3maddr[0m[2m=[0m125452288 [3mlen[0m[2m=[0m126976 [3mflags[0m[2m=[0m2066 [3mreturned[0m[2m=[0m125452288 [3mrelocated[0m[2m=[0mfalse
[2m  71.686601400s[0m [31mERROR[0m [2mlitebox::mm[0m[2m:[0m DIAG_CREATE_PAGES [3mrequested[0m[2m=[0mSome(125579264) [3mactual[0m[2m=[0m125579264 [3mlen[0m[2m=[0m49152 [3mend[0m[2m=[0m125628416
[2m  71.686667000s[0m [31mERROR[0m [2mlitebox_shim_linux::syscalls::mm[0m[2m:[0m DIAG_MMAP returned [3mtid[0m[2m=[0m2 [3maddr[0m[2m=[0m125579264 [3mlen[0m[2m=[0m49152 [3mflags[0m[2m=[0m2066 [3mreturned[0m[2m=[0m125579264 [3mrelocated[0m[2m=[0mfalse
[2m  71.686718800s[0m [31mERROR[0m [2mlitebox::mm[0m[2m:[0m DIAG_CREATE_PAGES [3mrequested[0m[2m=[0mSome(125628416) [3mactual[0m[2m=[0m125628416 [3mlen[0m[2m=[0m8192 [3mend[0m[2m=[0m125636608
[2m  71.686740900s[0m [31mERROR[0m [2mlitebox_shim_linux::syscalls::mm[0m[2m:[0m DIAG_MMAP returned [3mtid[0m[2m=[0m2 [3maddr[0m[2m=[0m125628416 [3mlen[0m[2m=[0m8192 [3mflags[0m[2m=[0m2066 [3mreturned[0m[2m=[0m125628416 [3mrelocated[0m[2m=[0mfalse
[2m  71.686930700s[0m [31mERROR[0m [2mlitebox::mm[0m[2m:[0m DIAG_CREATE_PAGES [3mrequested[0m[2m=[0mNone [3mactual[0m[2m=[0m125698048 [3mlen[0m[2m=[0m131072 [3mend[0m[2m=[0m125829120
[2m  71.687029600s[0m [31mERROR[0m [2mlitebox_shim_linux::syscalls::mm[0m[2m:[0m DIAG_ELF_PATCH init-from-scratch (cache miss) [3mpid[0m[2m=[0m2 [3mfd[0m[2m=[0m3 [3mmapped_addr[0m[2m=[0m125698048 [3mexisting_keys[0m[2m=[0m[]
[2m  71.687046900s[0m [31mERROR[0m [2mlitebox_shim_linux::syscalls::mm[0m[2m:[0m DIAG_MMAP returned [3mtid[0m[2m=[0m2 [3maddr[0m[2m=[0m0 [3mlen[0m[2m=[0m131072 [3mflags[0m[2m=[0m2050 [3mreturned[0m[2m=[0m125698048 [3mrelocated[0m[2m=[0mfalse
[2m  71.687101200s[0m [31mERROR[0m [2mlitebox::mm[0m[2m:[0m DIAG_CREATE_PAGES [3mrequested[0m[2m=[0mSome(125710336) [3mactual[0m[2m=[0m125710336 [3mlen[0m[2m=[0m81920 [3mend[0m[2m=[0m125792256
[2m  71.687204700s[0m [31mERROR[0m [2mlitebox::mm[0m[2m:[0m DIAG_CREATE_PAGES [3mrequested[0m[2m=[0mSome(125829120) [3mactual[0m[2m=[0m125829120 [3mlen[0m[2m=[0m4096 [3mend[0m[2m=[0m125833216
[2m  71.689626600s[0m [31mERROR[0m [2mlitebox_shim_linux::syscalls::mm[0m[2m:[0m DIAG_MMAP returned [3mtid[0m[2m=[0m2 [3maddr[0m[2m=[0m125710336 [3mlen[0m[2m=[0m81920 [3mflags[0m[2m=[0m2066 [3mreturned[0m[2m=[0m125710336 [3mrelocated[0m[2m=[0mfalse
[2m  71.689793100s[0m [31mERROR[0m [2mlitebox::mm[0m[2m:[0m DIAG_CREATE_PAGES [3mrequested[0m[2m=[0mSome(125792256) [3mactual[0m[2m=[0m125792256 [3mlen[0m[2m=[0m28672 [3mend[0m[2m=[0m125820928
[2m  71.689868500s[0m [31mERROR[0m [2mlitebox_shim_linux::syscalls::mm[0m[2m:[0m DIAG_MMAP returned [3mtid[0m[2m=[0m2 [3maddr[0m[2m=[0m125792256 [3mlen[0m[2m=[0m28672 [3mflags[0m[2m=[0m2066 [3mreturned[0m[2m=[0m125792256 [3mrelocated[0m[2m=[0mfalse
[2m  71.689942600s[0m [31mERROR[0m [2mlitebox::mm[0m[2m:[0m DIAG_CREATE_PAGES [3mrequested[0m[2m=[0mSome(125820928) [3mactual[0m[2m=[0m125820928 [3mlen[0m[2m=[0m8192 [3mend[0m[2m=[0m125829120
[2m  71.689967100s[0m [31mERROR[0m [2mlitebox_shim_linux::syscalls::mm[0m[2m:[0m DIAG_MMAP returned [3mtid[0m[2m=[0m2 [3maddr[0m[2m=[0m125820928 [3mlen[0m[2m=[0m8192 [3mflags[0m[2m=[0m2066 [3mreturned[0m[2m=[0m125820928 [3mrelocated[0m[2m=[0mfalse
[2m  71.690211800s[0m [31mERROR[0m [2mlitebox::mm[0m[2m:[0m DIAG_CREATE_PAGES [3mrequested[0m[2m=[0mNone [3mactual[0m[2m=[0m125894656 [3mlen[0m[2m=[0m77824 [3mend[0m[2m=[0m125972480
[2m  71.690321900s[0m [31mERROR[0m [2mlitebox_shim_linux::syscalls::mm[0m[2m:[0m DIAG_ELF_PATCH init-from-scratch (cache miss) [3mpid[0m[2m=[0m2 [3mfd[0m[2m=[0m3 [3mmapped_addr[0m[2m=[0m125894656 [3mexisting_keys[0m[2m=[0m[]
[2m  71.690341500s[0m [31mERROR[0m [2mlitebox_shim_linux::syscalls::mm[0m[2m:[0m DIAG_MMAP returned [3mtid[0m[2m=[0m2 [3maddr[0m[2m=[0m0 [3mlen[0m[2m=[0m77824 [3mflags[0m[2m=[0m2050 [3mreturned[0m[2m=[0m125894656 [3mrelocated[0m[2m=[0mfalse
[2m  71.690402200s[0m [31mERROR[0m [2mlitebox::mm[0m[2m:[0m DIAG_CREATE_PAGES [3mrequested[0m[2m=[0mSome(125902848) [3mactual[0m[2m=[0m125902848 [3mlen[0m[2m=[0m53248 [3mend[0m[2m=[0m125956096
[2m  71.690490000s[0m [31mERROR[0m [2mlitebox::mm[0m[2m:[0m DIAG_CREATE_PAGES [3mrequested[0m[2m=[0mSome(125972480) [3mactual[0m[2m=[0m125972480 [3mlen[0m[2m=[0m4096 [3mend[0m[2m=[0m125976576
[2m  71.691987900s[0m [31mERROR[0m [2mlitebox_shim_linux::syscalls::mm[0m[2m:[0m DIAG_MMAP returned [3mtid[0m[2m=[0m2 [3maddr[0m[2m=[0m125902848 [3mlen[0m[2m=[0m53248 [3mflags[0m[2m=[0m2066 [3mreturned[0m[2m=[0m125902848 [3mrelocated[0m[2m=[0mfalse
[2m  71.692056800s[0m [31mERROR[0m [2mlitebox::mm[0m[2m:[0m DIAG_CREATE_PAGES [3mrequested[0m[2m=[0mSome(125956096) [3mactual[0m[2m=[0m125956096 [3mlen[0m[2m=[0m8192 [3mend[0m[2m=[0m125964288
[2m  71.692091600s[0m [31mERROR[0m [2mlitebox_shim_linux::syscalls::mm[0m[2m:[0m DIAG_MMAP returned [3mtid[0m[2m=[0m2 [3maddr[0m[2m=[0m125956096 [3mlen[0m[2m=[0m8192 [3mflags[0m[2m=[0m2066 [3mreturned[0m[2m=[0m125956096 [3mrelocated[0m[2m=[0mfalse
[2m  71.692125900s[0m [31mERROR[0m [2mlitebox::mm[0m[2m:[0m DIAG_CREATE_PAGES [3mrequested[0m[2m=[0mSome(125964288) [3mactual[0m[2m=[0m125964288 [3mlen[0m[2m=[0m8192 [3mend[0m[2m=[0m125972480
[2m  71.692152100s[0m [31mERROR[0m [2mlitebox_shim_linux::syscalls::mm[0m[2m:[0m DIAG_MMAP returned [3mtid[0m[2m=[0m2 [3maddr[0m[2m=[0m125964288 [3mlen[0m[2m=[0m8192 [3mflags[0m[2m=[0m2066 [3mreturned[0m[2m=[0m125964288 [3mrelocated[0m[2m=[0mfalse
[2m  71.692278800s[0m [31mERROR[0m [2mlitebox::mm[0m[2m:[0m DIAG_CREATE_PAGES [3mrequested[0m[2m=[0mNone [3mactual[0m[2m=[0m126025728 [3mlen[0m[2m=[0m40960 [3mend[0m[2m=[0m126066688
[2m  71.692319600s[0m [31mERROR[0m [2mlitebox_shim_linux::syscalls::mm[0m[2m:[0m DIAG_ELF_PATCH init-from-scratch (cache miss) [3mpid[0m[2m=[0m2 [3mfd[0m[2m=[0m3 [3mmapped_addr[0m[2m=[0m126025728 [3mexisting_keys[0m[2m=[0m[]
[2m  71.692329700s[0m [31mERROR[0m [2mlitebox_shim_linux::syscalls::mm[0m[2m:[0m DIAG_MMAP returned [3mtid[0m[2m=[0m2 [3maddr[0m[2m=[0m0 [3mlen[0m[2m=[0m40960 [3mflags[0m[2m=[0m2050 [3mreturned[0m[2m=[0m126025728 [3mrelocated[0m[2m=[0mfalse
[2m  71.692360500s[0m [31mERROR[0m [2mlitebox::mm[0m[2m:[0m DIAG_CREATE_PAGES [3mrequested[0m[2m=[0mSome(126033920) [3mactual[0m[2m=[0m126033920 [3mlen[0m[2m=[0m12288 [3mend[0m[2m=[0m126046208
[2m  71.692395800s[0m [31mERROR[0m [2mlitebox::mm[0m[2m:[0m DIAG_CREATE_PAGES [3mrequested[0m[2m=[0mSome(126066688) [3mactual[0m[2m=[0m126066688 [3mlen[0m[2m=[0m4096 [3mend[0m[2m=[0m126070784
[2m  71.692739900s[0m [31mERROR[0m [2mlitebox_shim_linux::syscalls::mm[0m[2m:[0m DIAG_MMAP returned [3mtid[0m[2m=[0m2 [3maddr[0m[2m=[0m126033920 [3mlen[0m[2m=[0m12288 [3mflags[0m[2m=[0m2066 [3mreturned[0m[2m=[0m126033920 [3mrelocated[0m[2m=[0mfalse
[2m  71.692791900s[0m [31mERROR[0m [2mlitebox::mm[0m[2m:[0m DIAG_CREATE_PAGES [3mrequested[0m[2m=[0mSome(126046208) [3mactual[0m[2m=[0m126046208 [3mlen[0m[2m=[0m8192 [3mend[0m[2m=[0m126054400
[2m  71.692819500s[0m [31mERROR[0m [2mlitebox_shim_linux::syscalls::mm[0m[2m:[0m DIAG_MMAP returned [3mtid[0m[2m=[0m2 [3maddr[0m[2m=[0m126046208 [3mlen[0m[2m=[0m8192 [3mflags[0m[2m=[0m2066 [3mreturned[0m[2m=[0m126046208 [3mrelocated[0m[2m=[0mfalse
[2m  71.692856200s[0m [31mERROR[0m [2mlitebox::mm[0m[2m:[0m DIAG_CREATE_PAGES [3mrequested[0m[2m=[0mSome(126054400) [3mactual[0m[2m=[0m126054400 [3mlen[0m[2m=[0m8192 [3mend[0m[2m=[0m126062592
[2m  71.692875600s[0m [31mERROR[0m [2mlitebox_shim_linux::syscalls::mm[0m[2m:[0m DIAG_MMAP returned [3mtid[0m[2m=[0m2 [3maddr[0m[2m=[0m126054400 [3mlen[0m[2m=[0m8192 [3mflags[0m[2m=[0m2066 [3mreturned[0m[2m=[0m126054400 [3mrelocated[0m[2m=[0mfalse
[2m  71.692903000s[0m [31mERROR[0m [2mlitebox::mm[0m[2m:[0m DIAG_CREATE_PAGES [3mrequested[0m[2m=[0mSome(126062592) [3mactual[0m[2m=[0m126062592 [3mlen[0m[2m=[0m4096 [3mend[0m[2m=[0m126066688
[2m  71.692912900s[0m [31mERROR[0m [2mlitebox_shim_linux::syscalls::mm[0m[2m:[0m DIAG_MMAP returned [3mtid[0m[2m=[0m2 [3maddr[0m[2m=[0m126062592 [3mlen[0m[2m=[0m4096 [3mflags[0m[2m=[0m50 [3mreturned[0m[2m=[0m126062592 [3mrelocated[0m[2m=[0mfalse
[2m  71.693002700s[0m [31mERROR[0m [2mlitebox::mm[0m[2m:[0m DIAG_CREATE_PAGES [3mrequested[0m[2m=[0mNone [3mactual[0m[2m=[0m126091264 [3mlen[0m[2m=[0m8192 [3mend[0m[2m=[0m126099456
[2m  71.693018000s[0m [31mERROR[0m [2mlitebox_shim_linux::syscalls::mm[0m[2m:[0m DIAG_MMAP returned [3mtid[0m[2m=[0m2 [3maddr[0m[2m=[0m0 [3mlen[0m[2m=[0m8192 [3mflags[0m[2m=[0m34 [3mreturned[0m[2m=[0m126091264 [3mrelocated[0m[2m=[0mfalse
[2m  71.693430500s[0m [31mERROR[0m [2mlitebox::mm[0m[2m:[0m DIAG_CREATE_PAGES [3mrequested[0m[2m=[0mNone [3mactual[0m[2m=[0m126156800 [3mlen[0m[2m=[0m851968 [3mend[0m[2m=[0m127008768
[2m  71.693746000s[0m [31mERROR[0m [2mlitebox_shim_linux::syscalls::mm[0m[2m:[0m DIAG_ELF_PATCH init-from-scratch (cache miss) [3mpid[0m[2m=[0m2 [3mfd[0m[2m=[0m3 [3mmapped_addr[0m[2m=[0m126156800 [3mexisting_keys[0m[2m=[0m[]
[2m  71.693760200s[0m [31mERROR[0m [2mlitebox_shim_linux::syscalls::mm[0m[2m:[0m DIAG_MMAP returned [3mtid[0m[2m=[0m2 [3maddr[0m[2m=[0m0 [3mlen[0m[2m=[0m851968 [3mflags[0m[2m=[0m2050 [3mreturned[0m[2m=[0m126156800 [3mrelocated[0m[2m=[0mfalse
[2m  71.693932300s[0m [31mERROR[0m [2mlitebox::mm[0m[2m:[0m DIAG_CREATE_PAGES [3mrequested[0m[2m=[0mSome(126214144) [3mactual[0m[2m=[0m126214144 [3mlen[0m[2m=[0m581632 [3mend[0m[2m=[0m126795776
[2m  71.694121200s[0m [31mERROR[0m [2mlitebox::mm[0m[2m:[0m DIAG_CREATE_PAGES [3mrequested[0m[2m=[0mSome(127008768) [3mactual[0m[2m=[0m127008768 [3mlen[0m[2m=[0m4096 [3mend[0m[2m=[0m127012864
[2m  71.709890400s[0m [31mERROR[0m [2mlitebox_shim_linux::syscalls::mm[0m[2m:[0m DIAG_MMAP returned [3mtid[0m[2m=[0m2 [3maddr[0m[2m=[0m126214144 [3mlen[0m[2m=[0m581632 [3mflags[0m[2m=[0m2066 [3mreturned[0m[2m=[0m126214144 [3mrelocated[0m[2m=[0mfalse
[2m  71.710296400s[0m [31mERROR[0m [2mlitebox::mm[0m[2m:[0m DIAG_CREATE_PAGES [3mrequested[0m[2m=[0mSome(126795776) [3mactual[0m[2m=[0m126795776 [3mlen[0m[2m=[0m176128 [3mend[0m[2m=[0m126971904
[2m  71.710437600s[0m [31mERROR[0m [2mlitebox_shim_linux::syscalls::mm[0m[2m:[0m DIAG_MMAP returned [3mtid[0m[2m=[0m2 [3maddr[0m[2m=[0m126795776 [3mlen[0m[2m=[0m176128 [3mflags[0m[2m=[0m2066 [3mreturned[0m[2m=[0m126795776 [3mrelocated[0m[2m=[0mfalse
[2m  71.710725300s[0m [31mERROR[0m [2mlitebox::mm[0m[2m:[0m DIAG_CREATE_PAGES [3mrequested[0m[2m=[0mSome(126971904) [3mactual[0m[2m=[0m126971904 [3mlen[0m[2m=[0m36864 [3mend[0m[2m=[0m127008768
[2m  71.710789500s[0m [31mERROR[0m [2mlitebox_shim_linux::syscalls::mm[0m[2m:[0m DIAG_MMAP returned [3mtid[0m[2m=[0m2 [3maddr[0m[2m=[0m126971904 [3mlen[0m[2m=[0m36864 [3mflags[0m[2m=[0m2066 [3mreturned[0m[2m=[0m126971904 [3mrelocated[0m[2m=[0mfalse
[2m  71.710993700s[0m [31mERROR[0m [2mlitebox::mm[0m[2m:[0m DIAG_CREATE_PAGES [3mrequested[0m[2m=[0mNone [3mactual[0m[2m=[0m127074304 [3mlen[0m[2m=[0m32768 [3mend[0m[2m=[0m127107072
[2m  71.711055100s[0m [31mERROR[0m [2mlitebox_shim_linux::syscalls::mm[0m[2m:[0m DIAG_ELF_PATCH init-from-scratch (cache miss) [3mpid[0m[2m=[0m2 [3mfd[0m[2m=[0m3 [3mmapped_addr[0m[2m=[0m127074304 [3mexisting_keys[0m[2m=[0m[]
[2m  71.711067700s[0m [31mERROR[0m [2mlitebox_shim_linux::syscalls::mm[0m[2m:[0m DIAG_MMAP returned [3mtid[0m[2m=[0m2 [3maddr[0m[2m=[0m0 [3mlen[0m[2m=[0m32768 [3mflags[0m[2m=[0m2050 [3mreturned[0m[2m=[0m127074304 [3mrelocated[0m[2m=[0mfalse
[2m  71.711100700s[0m [31mERROR[0m [2mlitebox::mm[0m[2m:[0m DIAG_CREATE_PAGES [3mrequested[0m[2m=[0mSome(127082496) [3mactual[0m[2m=[0m127082496 [3mlen[0m[2m=[0m12288 [3mend[0m[2m=[0m127094784
[2m  71.711131800s[0m [31mERROR[0m [2mlitebox::mm[0m[2m:[0m DIAG_CREATE_PAGES [3mrequested[0m[2m=[0mSome(127107072) [3mactual[0m[2m=[0m127107072 [3mlen[0m[2m=[0m4096 [3mend[0m[2m=[0m127111168
[2m  71.711455100s[0m [31mERROR[0m [2mlitebox_shim_linux::syscalls::mm[0m[2m:[0m DIAG_MMAP returned [3mtid[0m[2m=[0m2 [3maddr[0m[2m=[0m127082496 [3mlen[0m[2m=[0m12288 [3mflags[0m[2m=[0m2066 [3mreturned[0m[2m=[0m127082496 [3mrelocated[0m[2m=[0mfalse
[2m  71.711488300s[0m [31mERROR[0m [2mlitebox::mm[0m[2m:[0m DIAG_CREATE_PAGES [3mrequested[0m[2m=[0mSome(127094784) [3mactual[0m[2m=[0m127094784 [3mlen[0m[2m=[0m4096 [3mend[0m[2m=[0m127098880
[2m  71.711506700s[0m [31mERROR[0m [2mlitebox_shim_linux::syscalls::mm[0m[2m:[0m DIAG_MMAP returned [3mtid[0m[2m=[0m2 [3maddr[0m[2m=[0m127094784 [3mlen[0m[2m=[0m4096 [3mflags[0m[2m=[0m2066 [3mreturned[0m[2m=[0m127094784 [3mrelocated[0m[2m=[0mfalse
[2m  71.711531600s[0m [31mERROR[0m [2mlitebox::mm[0m[2m:[0m DIAG_CREATE_PAGES [3mrequested[0m[2m=[0mSome(127098880) [3mactual[0m[2m=[0m127098880 [3mlen[0m[2m=[0m8192 [3mend[0m[2m=[0m127107072
[2m  71.711545300s[0m [31mERROR[0m [2mlitebox_shim_linux::syscalls::mm[0m[2m:[0m DIAG_MMAP returned [3mtid[0m[2m=[0m2 [3maddr[0m[2m=[0m127098880 [3mlen[0m[2m=[0m8192 [3mflags[0m[2m=[0m2066 [3mreturned[0m[2m=[0m127098880 [3mrelocated[0m[2m=[0mfalse
[2m  71.711732300s[0m [31mERROR[0m [2mlitebox::mm[0m[2m:[0m DIAG_CREATE_PAGES [3mrequested[0m[2m=[0mNone [3mactual[0m[2m=[0m127139840 [3mlen[0m[2m=[0m233472 [3mend[0m[2m=[0m127373312
[2m  71.711857500s[0m [31mERROR[0m [2mlitebox_shim_linux::syscalls::mm[0m[2m:[0m DIAG_ELF_PATCH init-from-scratch (cache miss) [3mpid[0m[2m=[0m2 [3mfd[0m[2m=[0m3 [3mmapped_addr[0m[2m=[0m127139840 [3mexisting_keys[0m[2m=[0m[]
[2m  71.711872500s[0m [31mERROR[0m [2mlitebox_shim_linux::syscalls::mm[0m[2m:[0m DIAG_MMAP returned [3mtid[0m[2m=[0m2 [3maddr[0m[2m=[0m0 [3mlen[0m[2m=[0m233472 [3mflags[0m[2m=[0m2050 [3mreturned[0m[2m=[0m127139840 [3mrelocated[0m[2m=[0mfalse
[2m  71.711938400s[0m [31mERROR[0m [2mlitebox::mm[0m[2m:[0m DIAG_CREATE_PAGES [3mrequested[0m[2m=[0mSome(127164416) [3mactual[0m[2m=[0m127164416 [3mlen[0m[2m=[0m155648 [3mend[0m[2m=[0m127320064
[2m  71.712088100s[0m [31mERROR[0m [2mlitebox::mm[0m[2m:[0m DIAG_CREATE_PAGES [3mrequested[0m[2m=[0mSome(127373312) [3mactual[0m[2m=[0m127373312 [3mlen[0m[2m=[0m4096 [3mend[0m[2m=[0m127377408
[2m  71.716085400s[0m [31mERROR[0m [2mlitebox_shim_linux::syscalls::mm[0m[2m:[0m DIAG_MMAP returned [3mtid[0m[2m=[0m2 [3maddr[0m[2m=[0m127164416 [3mlen[0m[2m=[0m155648 [3mflags[0m[2m=[0m2066 [3mreturned[0m[2m=[0m127164416 [3mrelocated[0m[2m=[0mfalse
[2m  71.716271900s[0m [31mERROR[0m [2mlitebox::mm[0m[2m:[0m DIAG_CREATE_PAGES [3mrequested[0m[2m=[0mSome(127320064) [3mactual[0m[2m=[0m127320064 [3mlen[0m[2m=[0m45056 [3mend[0m[2m=[0m127365120
[2m  71.716345600s[0m [31mERROR[0m [2mlitebox_shim_linux::syscalls::mm[0m[2m:[0m DIAG_MMAP returned [3mtid[0m[2m=[0m2 [3maddr[0m[2m=[0m127320064 [3mlen[0m[2m=[0m45056 [3mflags[0m[2m=[0m2066 [3mreturned[0m[2m=[0m127320064 [3mrelocated[0m[2m=[0mfalse
[2m  71.716419000s[0m [31mERROR[0m [2mlitebox::mm[0m[2m:[0m DIAG_CREATE_PAGES [3mrequested[0m[2m=[0mSome(127365120) [3mactual[0m[2m=[0m127365120 [3mlen[0m[2m=[0m8192 [3mend[0m[2m=[0m127373312
[2m  71.716446000s[0m [31mERROR[0m [2mlitebox_shim_linux::syscalls::mm[0m[2m:[0m DIAG_MMAP returned [3mtid[0m[2m=[0m2 [3maddr[0m[2m=[0m127365120 [3mlen[0m[2m=[0m8192 [3mflags[0m[2m=[0m2066 [3mreturned[0m[2m=[0m127365120 [3mrelocated[0m[2m=[0mfalse
[2m  71.716648400s[0m [31mERROR[0m [2mlitebox::mm[0m[2m:[0m DIAG_CREATE_PAGES [3mrequested[0m[2m=[0mNone [3mactual[0m[2m=[0m127401984 [3mlen[0m[2m=[0m57344 [3mend[0m[2m=[0m127459328
[2m  71.716718600s[0m [31mERROR[0m [2mlitebox_shim_linux::syscalls::mm[0m[2m:[0m DIAG_ELF_PATCH init-from-scratch (cache miss) [3mpid[0m[2m=[0m2 [3mfd[0m[2m=[0m3 [3mmapped_addr[0m[2m=[0m127401984 [3mexisting_keys[0m[2m=[0m[]
[2m  71.716736200s[0m [31mERROR[0m [2mlitebox_shim_linux::syscalls::mm[0m[2m:[0m DIAG_MMAP returned [3mtid[0m[2m=[0m2 [3maddr[0m[2m=[0m0 [3mlen[0m[2m=[0m57344 [3mflags[0m[2m=[0m2050 [3mreturned[0m[2m=[0m127401984 [3mrelocated[0m[2m=[0mfalse
[2m  71.716782500s[0m [31mERROR[0m [2mlitebox::mm[0m[2m:[0m DIAG_CREATE_PAGES [3mrequested[0m[2m=[0mSome(127406080) [3mactual[0m[2m=[0m127406080 [3mlen[0m[2m=[0m32768 [3mend[0m[2m=[0m127438848
[2m  71.716845000s[0m [31mERROR[0m [2mlitebox::mm[0m[2m:[0m DIAG_CREATE_PAGES [3mrequested[0m[2m=[0mSome(127459328) [3mactual[0m[2m=[0m127459328 [3mlen[0m[2m=[0m4096 [3mend[0m[2m=[0m127463424
[2m  71.717651300s[0m [31mERROR[0m [2mlitebox_shim_linux::syscalls::mm[0m[2m:[0m DIAG_MMAP returned [3mtid[0m[2m=[0m2 [3maddr[0m[2m=[0m127406080 [3mlen[0m[2m=[0m32768 [3mflags[0m[2m=[0m2066 [3mreturned[0m[2m=[0m127406080 [3mrelocated[0m[2m=[0mfalse
[2m  71.717709700s[0m [31mERROR[0m [2mlitebox::mm[0m[2m:[0m DIAG_CREATE_PAGES [3mrequested[0m[2m=[0mSome(127438848) [3mactual[0m[2m=[0m127438848 [3mlen[0m[2m=[0m12288 [3mend[0m[2m=[0m127451136
[2m  71.717739900s[0m [31mERROR[0m [2mlitebox_shim_linux::syscalls::mm[0m[2m:[0m DIAG_MMAP returned [3mtid[0m[2m=[0m2 [3maddr[0m[2m=[0m127438848 [3mlen[0m[2m=[0m12288 [3mflags[0m[2m=[0m2066 [3mreturned[0m[2m=[0m127438848 [3mrelocated[0m[2m=[0mfalse
[2m  71.717789800s[0m [31mERROR[0m [2mlitebox::mm[0m[2m:[0m DIAG_CREATE_PAGES [3mrequested[0m[2m=[0mSome(127451136) [3mactual[0m[2m=[0m127451136 [3mlen[0m[2m=[0m8192 [3mend[0m[2m=[0m127459328
[2m  71.717808900s[0m [31mERROR[0m [2mlitebox_shim_linux::syscalls::mm[0m[2m:[0m DIAG_MMAP returned [3mtid[0m[2m=[0m2 [3maddr[0m[2m=[0m127451136 [3mlen[0m[2m=[0m8192 [3mflags[0m[2m=[0m2066 [3mreturned[0m[2m=[0m127451136 [3mrelocated[0m[2m=[0mfalse
[2m  71.717988600s[0m [31mERROR[0m [2mlitebox::mm[0m[2m:[0m DIAG_CREATE_PAGES [3mrequested[0m[2m=[0mNone [3mactual[0m[2m=[0m127467520 [3mlen[0m[2m=[0m143360 [3mend[0m[2m=[0m127610880
[2m  71.718076700s[0m [31mERROR[0m [2mlitebox_shim_linux::syscalls::mm[0m[2m:[0m DIAG_ELF_PATCH init-from-scratch (cache miss) [3mpid[0m[2m=[0m2 [3mfd[0m[2m=[0m3 [3mmapped_addr[0m[2m=[0m127467520 [3mexisting_keys[0m[2m=[0m[]
[2m  71.718090600s[0m [31mERROR[0m [2mlitebox_shim_linux::syscalls::mm[0m[2m:[0m DIAG_MMAP returned [3mtid[0m[2m=[0m2 [3maddr[0m[2m=[0m0 [3mlen[0m[2m=[0m143360 [3mflags[0m[2m=[0m2050 [3mreturned[0m[2m=[0m127467520 [3mrelocated[0m[2m=[0mfalse
[2m  71.718130500s[0m [31mERROR[0m [2mlitebox::mm[0m[2m:[0m DIAG_CREATE_PAGES [3mrequested[0m[2m=[0mSome(127471616) [3mactual[0m[2m=[0m127471616 [3mlen[0m[2m=[0m4096 [3mend[0m[2m=[0m127475712
[2m  71.718161700s[0m [31mERROR[0m [2mlitebox::mm[0m[2m:[0m DIAG_CREATE_PAGES [3mrequested[0m[2m=[0mSome(127610880) [3mactual[0m[2m=[0m127610880 [3mlen[0m[2m=[0m4096 [3mend[0m[2m=[0m127614976
[2m  71.718302800s[0m [31mERROR[0m [2mlitebox_shim_linux::syscalls::mm[0m[2m:[0m DIAG_MMAP returned [3mtid[0m[2m=[0m2 [3maddr[0m[2m=[0m127471616 [3mlen[0m[2m=[0m4096 [3mflags[0m[2m=[0m2066 [3mreturned[0m[2m=[0m127471616 [3mrelocated[0m[2m=[0mfalse
[2m  71.718354800s[0m [31mERROR[0m [2mlitebox::mm[0m[2m:[0m DIAG_CREATE_PAGES [3mrequested[0m[2m=[0mSome(127475712) [3mactual[0m[2m=[0m127475712 [3mlen[0m[2m=[0m126976 [3mend[0m[2m=[0m127602688
[2m  71.718423900s[0m [31mERROR[0m [2mlitebox_shim_linux::syscalls::mm[0m[2m:[0m DIAG_MMAP returned [3mtid[0m[2m=[0m2 [3maddr[0m[2m=[0m127475712 [3mlen[0m[2m=[0m126976 [3mflags[0m[2m=[0m2066 [3mreturned[0m[2m=[0m127475712 [3mrelocated[0m[2m=[0mfalse
[2m  71.718462400s[0m [31mERROR[0m [2mlitebox::mm[0m[2m:[0m DIAG_CREATE_PAGES [3mrequested[0m[2m=[0mSome(127602688) [3mactual[0m[2m=[0m127602688 [3mlen[0m[2m=[0m8192 [3mend[0m[2m=[0m127610880
[2m  71.718478800s[0m [31mERROR[0m [2mlitebox_shim_linux::syscalls::mm[0m[2m:[0m DIAG_MMAP returned [3mtid[0m[2m=[0m2 [3maddr[0m[2m=[0m127602688 [3mlen[0m[2m=[0m8192 [3mflags[0m[2m=[0m2066 [3mreturned[0m[2m=[0m127602688 [3mrelocated[0m[2m=[0mfalse
[2m  71.718521300s[0m [31mERROR[0m [2mlitebox::mm[0m[2m:[0m DIAG_CREATE_PAGES [3mrequested[0m[2m=[0mNone [3mactual[0m[2m=[0m127664128 [3mlen[0m[2m=[0m8192 [3mend[0m[2m=[0m127672320
[2m  71.718531400s[0m [31mERROR[0m [2mlitebox_shim_linux::syscalls::mm[0m[2m:[0m DIAG_MMAP returned [3mtid[0m[2m=[0m2 [3maddr[0m[2m=[0m0 [3mlen[0m[2m=[0m8192 [3mflags[0m[2m=[0m34 [3mreturned[0m[2m=[0m127664128 [3mrelocated[0m[2m=[0mfalse
[2m  71.718594600s[0m [31mERROR[0m [2mlitebox::mm[0m[2m:[0m DIAG_CREATE_PAGES [3mrequested[0m[2m=[0mNone [3mactual[0m[2m=[0m127729664 [3mlen[0m[2m=[0m8192 [3mend[0m[2m=[0m127737856
[2m  71.718603600s[0m [31mERROR[0m [2mlitebox_shim_linux::syscalls::mm[0m[2m:[0m DIAG_MMAP returned [3mtid[0m[2m=[0m2 [3maddr[0m[2m=[0m0 [3mlen[0m[2m=[0m8192 [3mflags[0m[2m=[0m34 [3mreturned[0m[2m=[0m127729664 [3mrelocated[0m[2m=[0mfalse
[2m  71.718641500s[0m [31mERROR[0m [2mlitebox::mm[0m[2m:[0m DIAG_CREATE_PAGES [3mrequested[0m[2m=[0mNone [3mactual[0m[2m=[0m127795200 [3mlen[0m[2m=[0m12288 [3mend[0m[2m=[0m127807488
[2m  71.718650100s[0m [31mERROR[0m [2mlitebox_shim_linux::syscalls::mm[0m[2m:[0m DIAG_MMAP returned [3mtid[0m[2m=[0m2 [3maddr[0m[2m=[0m0 [3mlen[0m[2m=[0m12288 [3mflags[0m[2m=[0m34 [3mreturned[0m[2m=[0m127795200 [3mrelocated[0m[2m=[0mfalse
[diag-proc-sys-open-miss] unregistered path opened: /proc/sys/kernel/cap_last_cap errno=2
[2m  71.720056400s[0m [31mERROR[0m [2mlitebox_shim_linux[0m[2m:[0m diag-guest-exception: pre-signal snapshot [3mexception[0m[2m=[0mException(14) [3mkernel_mode[0m[2m=[0mfalse [3mrip[0m[2m=[0m0x7570b98 [3mrsp[0m[2m=[0m0x6f6fc50 [3mcr2[0m[2m=[0m0x7730008 [3merror_code[0m[2m=[0m0x6
[2m  71.720080700s[0m [31mERROR[0m [2mlitebox_shim_linux[0m[2m:[0m diag-guest-exception: mapping overlapping cr2 [3mrange_start[0m[2m=[0m0x76f3000 [3mrange_end[0m[2m=[0m0x776e000 [3mflags[0m[2m=[0mVmFlags(VM_READ | VM_EXEC | VM_MAYREAD | VM_MAYWRITE | VM_MAYEXEC)
[2m  71.720096800s[0m [31mERROR[0m [2mlitebox_shim_linux::syscalls::signal[0m[2m:[0m fatal signal: terminating task [3msignal[0m[2m=[0mSignal(11) [3mpid[0m[2m=[0m2 [3mtid[0m[2m=[0m2 [3mcomm[0m[2m=[0m[88, 111, 114, 103, 0, 0, 0, 0, 0, 0, 0, 0, 0, 0, 0, 0]
[2m  71.720108900s[0m [31mERROR[0m [2mlitebox_shim_linux::syscalls::signal[0m[2m:[0m DIAG_TIMELINE exit_signal [3mpid[0m[2m=[0m2 [3mcomm[0m[2m=[0m[88, 111, 114, 103, 0, 0, 0, 0, 0, 0, 0, 0, 0, 0, 0, 0] [3msignal[0m[2m=[0mSignal(11)
[presenter-diag] request_adapter returned: true
[presenter-diag] requesting device
[presenter-diag] request_device returned: true
[presenter-diag] device+queue obtained, continuing setup
[presenter-diag] present_mode=Mailbox (available: [Mailbox, Fifo, Immediate])
[presenter-diag] configuring surface, alpha_mode=Opaque (available: [Opaque])
[presenter-diag] surface configured, setting up blit pipeline + texture pool
[presenter-diag] surface configured, resumed() about to return
[2m 121.484614400s[0m [31mERROR[0m [2mlitebox_shim_linux::syscalls::process[0m[2m:[0m DIAG_TIMELINE exit_group [3mpid[0m[2m=[0m3 [3mcomm[0m[2m=[0m[115, 108, 101, 101, 112, 0, 0, 0, 0, 0, 0, 0, 0, 0, 0, 0] [3mstatus[0m[2m=[0m0
[2m 121.484724800s[0m [31mERROR[0m [2mlitebox_shim_linux::syscalls::process[0m[2m:[0m diag: fixup_stale_elf_data_pointers summary [3mranges_seen[0m[2m=[0m0 [3mhealed_count[0m[2m=[0m0
[2m 121.485072900s[0m [31mERROR[0m [2mlitebox_shim_linux::syscalls::process[0m[2m:[0m DIAG_TIMELINE clone [3mpid[0m[2m=[0m1 [3mcomm[0m[2m=[0m[115, 104, 0, 0, 0, 0, 0, 0, 0, 0, 0, 0, 0, 0, 0, 0] [3mchild_tid[0m[2m=[0m4
[2m 121.490930900s[0m [31mERROR[0m [2mlitebox_shim_linux::syscalls::process[0m[2m:[0m DIAG_TIMELINE execve [3mpid[0m[2m=[0m4 [3mppid[0m[2m=[0m1 [3mcomm[0m[2m=[0m[115, 104, 0, 0, 0, 0, 0, 0, 0, 0, 0, 0, 0, 0, 0, 0] [3margv0[0m[2m=[0m/bin/sh
[2m 121.491137500s[0m [31mERROR[0m [2mlitebox::mm[0m[2m:[0m DIAG_CREATE_PAGES [3mrequested[0m[2m=[0mSome(269484032) [3mactual[0m[2m=[0m269484032 [3mlen[0m[2m=[0m143360 [3mend[0m[2m=[0m269627392
[2m 121.491157800s[0m [31mERROR[0m [2mlitebox_shim_linux::syscalls::mm[0m[2m:[0m DIAG_MMAP returned [3mtid[0m[2m=[0m4 [3maddr[0m[2m=[0m269484032 [3mlen[0m[2m=[0m143360 [3mflags[0m[2m=[0m34 [3mreturned[0m[2m=[0m269484032 [3mrelocated[0m[2m=[0mfalse
[2m 121.491223600s[0m [31mERROR[0m [2mlitebox::mm[0m[2m:[0m DIAG_CREATE_PAGES [3mrequested[0m[2m=[0mSome(269484032) [3mactual[0m[2m=[0m269484032 [3mlen[0m[2m=[0m16384 [3mend[0m[2m=[0m269500416
[2m 121.491265700s[0m [31mERROR[0m [2mlitebox_shim_linux::syscalls::mm[0m[2m:[0m DIAG_ELF_PATCH init-from-scratch (cache miss) [3mpid[0m[2m=[0m4 [3mfd[0m[2m=[0m3 [3mmapped_addr[0m[2m=[0m269484032 [3mexisting_keys[0m[2m=[0m[]
[2m 121.491284300s[0m [31mERROR[0m [2mlitebox_shim_linux::syscalls::mm[0m[2m:[0m DIAG_MMAP returned [3mtid[0m[2m=[0m4 [3maddr[0m[2m=[0m269484032 [3mlen[0m[2m=[0m16384 [3mflags[0m[2m=[0m18 [3mreturned[0m[2m=[0m269484032 [3mrelocated[0m[2m=[0mfalse
[2m 121.491337000s[0m [31mERROR[0m [2mlitebox::mm[0m[2m:[0m DIAG_CREATE_PAGES [3mrequested[0m[2m=[0mSome(269500416) [3mactual[0m[2m=[0m269500416 [3mlen[0m[2m=[0m81920 [3mend[0m[2m=[0m269582336
[2m 121.491437600s[0m [31mERROR[0m [2mlitebox_shim_linux::syscalls::mm[0m[2m:[0m DIAG_MMAP returned [3mtid[0m[2m=[0m4 [3maddr[0m[2m=[0m269500416 [3mlen[0m[2m=[0m81920 [3mflags[0m[2m=[0m18 [3mreturned[0m[2m=[0m269500416 [3mrelocated[0m[2m=[0mfalse
[2m 121.491487500s[0m [31mERROR[0m [2mlitebox::mm[0m[2m:[0m DIAG_CREATE_PAGES [3mrequested[0m[2m=[0mSome(269582336) [3mactual[0m[2m=[0m269582336 [3mlen[0m[2m=[0m24576 [3mend[0m[2m=[0m269606912
[2m 121.491526400s[0m [31mERROR[0m [2mlitebox_shim_linux::syscalls::mm[0m[2m:[0m DIAG_MMAP returned [3mtid[0m[2m=[0m4 [3maddr[0m[2m=[0m269582336 [3mlen[0m[2m=[0m24576 [3mflags[0m[2m=[0m18 [3mreturned[0m[2m=[0m269582336 [3mrelocated[0m[2m=[0mfalse
[2m 121.491568200s[0m [31mERROR[0m [2mlitebox::mm[0m[2m:[0m DIAG_CREATE_PAGES [3mrequested[0m[2m=[0mSome(269606912) [3mactual[0m[2m=[0m269606912 [3mlen[0m[2m=[0m12288 [3mend[0m[2m=[0m269619200
[2m 121.491591700s[0m [31mERROR[0m [2mlitebox_shim_linux::syscalls::mm[0m[2m:[0m DIAG_MMAP returned [3mtid[0m[2m=[0m4 [3maddr[0m[2m=[0m269606912 [3mlen[0m[2m=[0m12288 [3mflags[0m[2m=[0m18 [3mreturned[0m[2m=[0m269606912 [3mrelocated[0m[2m=[0mfalse
[2m 121.491618800s[0m [31mERROR[0m [2mlitebox::mm[0m[2m:[0m DIAG_CREATE_PAGES [3mrequested[0m[2m=[0mSome(269619200) [3mactual[0m[2m=[0m269619200 [3mlen[0m[2m=[0m8192 [3mend[0m[2m=[0m269627392
[2m 121.491630000s[0m [31mERROR[0m [2mlitebox_shim_linux::syscalls::mm[0m[2m:[0m DIAG_MMAP returned [3mtid[0m[2m=[0m4 [3maddr[0m[2m=[0m269619200 [3mlen[0m[2m=[0m8192 [3mflags[0m[2m=[0m50 [3mreturned[0m[2m=[0m269619200 [3mrelocated[0m[2m=[0mfalse
[2m 121.491663500s[0m [31mERROR[0m [2mlitebox::mm[0m[2m:[0m DIAG_CREATE_PAGES [3mrequested[0m[2m=[0mNone [3mactual[0m[2m=[0m127860736 [3mlen[0m[2m=[0m233472 [3mend[0m[2m=[0m128094208
[2m 121.491675500s[0m [31mERROR[0m [2mlitebox_shim_linux::syscalls::mm[0m[2m:[0m DIAG_MMAP returned [3mtid[0m[2m=[0m4 [3maddr[0m[2m=[0m0 [3mlen[0m[2m=[0m233472 [3mflags[0m[2m=[0m34 [3mreturned[0m[2m=[0m127860736 [3mrelocated[0m[2m=[0mfalse
[2m 121.491881000s[0m [31mERROR[0m [2mlitebox::mm[0m[2m:[0m DIAG_CREATE_PAGES [3mrequested[0m[2m=[0mSome(127860736) [3mactual[0m[2m=[0m127860736 [3mlen[0m[2m=[0m4096 [3mend[0m[2m=[0m127864832
[2m 121.491907800s[0m [31mERROR[0m [2mlitebox_shim_linux::syscalls::mm[0m[2m:[0m DIAG_ELF_PATCH init-from-scratch (cache miss) [3mpid[0m[2m=[0m4 [3mfd[0m[2m=[0m4 [3mmapped_addr[0m[2m=[0m127860736 [3mexisting_keys[0m[2m=[0m[(4, 3)]
[2m 121.491923700s[0m [31mERROR[0m [2mlitebox_shim_linux::syscalls::mm[0m[2m:[0m DIAG_MMAP returned [3mtid[0m[2m=[0m4 [3maddr[0m[2m=[0m127860736 [3mlen[0m[2m=[0m4096 [3mflags[0m[2m=[0m18 [3mreturned[0m[2m=[0m127860736 [3mrelocated[0m[2m=[0mfalse
[2m 121.492004500s[0m [31mERROR[0m [2mlitebox::mm[0m[2m:[0m DIAG_CREATE_PAGES [3mrequested[0m[2m=[0mSome(127864832) [3mactual[0m[2m=[0m127864832 [3mlen[0m[2m=[0m163840 [3mend[0m[2m=[0m128028672
[2m 121.492177200s[0m [31mERROR[0m [2mlitebox::mm[0m[2m:[0m DIAG_CREATE_PAGES [3mrequested[0m[2m=[0mSome(128090112) [3mactual[0m[2m=[0m128090112 [3mlen[0m[2m=[0m4096 [3mend[0m[2m=[0m128094208
[2m 121.492206600s[0m [31mERROR[0m [2mlitebox_shim_linux::syscalls::mm[0m[2m:[0m DIAG_MMAP returned [3mtid[0m[2m=[0m4 [3maddr[0m[2m=[0m127864832 [3mlen[0m[2m=[0m163840 [3mflags[0m[2m=[0m18 [3mreturned[0m[2m=[0m127864832 [3mrelocated[0m[2m=[0mfalse
[2m 121.492271400s[0m [31mERROR[0m [2mlitebox::mm[0m[2m:[0m DIAG_CREATE_PAGES [3mrequested[0m[2m=[0mSome(128028672) [3mactual[0m[2m=[0m128028672 [3mlen[0m[2m=[0m45056 [3mend[0m[2m=[0m128073728
[2m 121.492327900s[0m [31mERROR[0m [2mlitebox_shim_linux::syscalls::mm[0m[2m:[0m DIAG_MMAP returned [3mtid[0m[2m=[0m4 [3maddr[0m[2m=[0m128028672 [3mlen[0m[2m=[0m45056 [3mflags[0m[2m=[0m18 [3mreturned[0m[2m=[0m128028672 [3mrelocated[0m[2m=[0mfalse
[2m 121.492392000s[0m [31mERROR[0m [2mlitebox::mm[0m[2m:[0m DIAG_CREATE_PAGES [3mrequested[0m[2m=[0mSome(128073728) [3mactual[0m[2m=[0m128073728 [3mlen[0m[2m=[0m12288 [3mend[0m[2m=[0m128086016
[2m 121.492419100s[0m [31mERROR[0m [2mlitebox_shim_linux::syscalls::mm[0m[2m:[0m DIAG_MMAP returned [3mtid[0m[2m=[0m4 [3maddr[0m[2m=[0m128073728 [3mlen[0m[2m=[0m12288 [3mflags[0m[2m=[0m18 [3mreturned[0m[2m=[0m128073728 [3mrelocated[0m[2m=[0mfalse
[2m 121.492446000s[0m [31mERROR[0m [2mlitebox::mm[0m[2m:[0m DIAG_CREATE_PAGES [3mrequested[0m[2m=[0mSome(128086016) [3mactual[0m[2m=[0m128086016 [3mlen[0m[2m=[0m4096 [3mend[0m[2m=[0m128090112
[2m 121.492458400s[0m [31mERROR[0m [2mlitebox_shim_linux::syscalls::mm[0m[2m:[0m DIAG_MMAP returned [3mtid[0m[2m=[0m4 [3maddr[0m[2m=[0m128086016 [3mlen[0m[2m=[0m4096 [3mflags[0m[2m=[0m50 [3mreturned[0m[2m=[0m128086016 [3mrelocated[0m[2m=[0mfalse
[2m 121.492511800s[0m [31mERROR[0m [2mlitebox::mm[0m[2m:[0m DIAG_CREATE_PAGES [3mrequested[0m[2m=[0mSome(128090112) [3mactual[0m[2m=[0m128090112 [3mlen[0m[2m=[0m4096 [3mend[0m[2m=[0m128094208
[2m 121.492530600s[0m [31mERROR[0m [2mlitebox_shim_linux::syscalls::mm[0m[2m:[0m DIAG_MMAP returned [3mtid[0m[2m=[0m4 [3maddr[0m[2m=[0m128090112 [3mlen[0m[2m=[0m4096 [3mflags[0m[2m=[0m18 [3mreturned[0m[2m=[0m128090112 [3mrelocated[0m[2m=[0mfalse
[2m 121.492752900s[0m [31mERROR[0m [2mlitebox::mm[0m[2m:[0m DIAG_CREATE_PAGES [3mrequested[0m[2m=[0mNone [3mactual[0m[2m=[0m128122880 [3mlen[0m[2m=[0m8388608 [3mend[0m[2m=[0m136511488
[2m 121.492952500s[0m [31mERROR[0m [2mlitebox::mm[0m[2m:[0m DIAG_CREATE_PAGES [3mrequested[0m[2m=[0mNone [3mactual[0m[2m=[0m140668751994880 [3mlen[0m[2m=[0m40960 [3mend[0m[2m=[0m140668752035840
[2m 121.493009700s[0m [31mERROR[0m [2mlitebox_shim_linux::syscalls::mm[0m[2m:[0m DIAG_ELF_PATCH init-from-scratch (cache miss) [3mpid[0m[2m=[0m4 [3mfd[0m[2m=[0m3 [3mmapped_addr[0m[2m=[0m140668751994880 [3mexisting_keys[0m[2m=[0m[]
[2m 121.493025400s[0m [31mERROR[0m [2mlitebox_shim_linux::syscalls::mm[0m[2m:[0m DIAG_MMAP returned [3mtid[0m[2m=[0m4 [3maddr[0m[2m=[0m0 [3mlen[0m[2m=[0m40960 [3mflags[0m[2m=[0m2 [3mreturned[0m[2m=[0m140668751994880 [3mrelocated[0m[2m=[0mfalse
[2m 121.493096500s[0m [31mERROR[0m [2mlitebox::mm[0m[2m:[0m DIAG_CREATE_PAGES [3mrequested[0m[2m=[0mNone [3mactual[0m[2m=[0m136511488 [3mlen[0m[2m=[0m8192 [3mend[0m[2m=[0m136519680
[2m 121.493110700s[0m [31mERROR[0m [2mlitebox_shim_linux::syscalls::mm[0m[2m:[0m DIAG_MMAP returned [3mtid[0m[2m=[0m4 [3maddr[0m[2m=[0m0 [3mlen[0m[2m=[0m8192 [3mflags[0m[2m=[0m34 [3mreturned[0m[2m=[0m136511488 [3mrelocated[0m[2m=[0mfalse
[2m 121.493855500s[0m [31mERROR[0m [2mlitebox::mm[0m[2m:[0m DIAG_CREATE_PAGES [3mrequested[0m[2m=[0mNone [3mactual[0m[2m=[0m140668733169664 [3mlen[0m[2m=[0m2048000 [3mend[0m[2m=[0m140668735217664
[2m 121.495441700s[0m [31mERROR[0m [2mlitebox_shim_linux::syscalls::mm[0m[2m:[0m DIAG_ELF_PATCH init-from-scratch (cache miss) [3mpid[0m[2m=[0m4 [3mfd[0m[2m=[0m3 [3mmapped_addr[0m[2m=[0m140668733169664 [3mexisting_keys[0m[2m=[0m[]
[2m 121.495471800s[0m [31mERROR[0m [2mlitebox_shim_linux::syscalls::mm[0m[2m:[0m DIAG_MMAP returned [3mtid[0m[2m=[0m4 [3maddr[0m[2m=[0m0 [3mlen[0m[2m=[0m2048000 [3mflags[0m[2m=[0m2050 [3mreturned[0m[2m=[0m140668733169664 [3mrelocated[0m[2m=[0mfalse
[2m 121.496759400s[0m [31mERROR[0m [2mlitebox::mm[0m[2m:[0m DIAG_CREATE_PAGES [3mrequested[0m[2m=[0mSome(140668733333504) [3mactual[0m[2m=[0m140668733333504 [3mlen[0m[2m=[0m1454080 [3mend[0m[2m=[0m140668734787584
[2m 121.498177100s[0m [31mERROR[0m [2mlitebox::mm[0m[2m:[0m DIAG_CREATE_PAGES [3mrequested[0m[2m=[0mSome(140668735217664) [3mactual[0m[2m=[0m140668735217664 [3mlen[0m[2m=[0m12288 [3mend[0m[2m=[0m140668735229952
[2m 121.498305100s[0m [31mERROR[0m [2mlitebox_shim_linux::syscalls::mm[0m[2m:[0m DIAG_MMAP returned [3mtid[0m[2m=[0m4 [3maddr[0m[2m=[0m140668733333504 [3mlen[0m[2m=[0m1454080 [3mflags[0m[2m=[0m2066 [3mreturned[0m[2m=[0m140668733333504 [3mrelocated[0m[2m=[0mfalse
[2m 121.499295200s[0m [31mERROR[0m [2mlitebox::mm[0m[2m:[0m DIAG_CREATE_PAGES [3mrequested[0m[2m=[0mSome(140668734787584) [3mactual[0m[2m=[0m140668734787584 [3mlen[0m[2m=[0m352256 [3mend[0m[2m=[0m140668735139840
[2m 121.499525500s[0m [31mERROR[0m [2mlitebox_shim_linux::syscalls::mm[0m[2m:[0m DIAG_MMAP returned [3mtid[0m[2m=[0m4 [3maddr[0m[2m=[0m140668734787584 [3mlen[0m[2m=[0m352256 [3mflags[0m[2m=[0m2066 [3mreturned[0m[2m=[0m140668734787584 [3mrelocated[0m[2m=[0mfalse
[2m 121.500332900s[0m [31mERROR[0m [2mlitebox::mm[0m[2m:[0m DIAG_CREATE_PAGES [3mrequested[0m[2m=[0mSome(140668735139840) [3mactual[0m[2m=[0m140668735139840 [3mlen[0m[2m=[0m24576 [3mend[0m[2m=[0m140668735164416
[2m 121.500373300s[0m [31mERROR[0m [2mlitebox_shim_linux::syscalls::mm[0m[2m:[0m DIAG_MMAP returned [3mtid[0m[2m=[0m4 [3maddr[0m[2m=[0m140668735139840 [3mlen[0m[2m=[0m24576 [3mflags[0m[2m=[0m2066 [3mreturned[0m[2m=[0m140668735139840 [3mrelocated[0m[2m=[0mfalse
[2m 121.500416200s[0m [31mERROR[0m [2mlitebox::mm[0m[2m:[0m DIAG_CREATE_PAGES [3mrequested[0m[2m=[0mSome(140668735164416) [3mactual[0m[2m=[0m140668735164416 [3mlen[0m[2m=[0m53248 [3mend[0m[2m=[0m140668735217664
[2m 121.500427000s[0m [31mERROR[0m [2mlitebox_shim_linux::syscalls::mm[0m[2m:[0m DIAG_MMAP returned [3mtid[0m[2m=[0m4 [3maddr[0m[2m=[0m140668735164416 [3mlen[0m[2m=[0m53248 [3mflags[0m[2m=[0m50 [3mreturned[0m[2m=[0m140668735164416 [3mrelocated[0m[2m=[0mfalse
[2m 121.500477700s[0m [31mERROR[0m [2mlitebox::mm[0m[2m:[0m DIAG_CREATE_PAGES [3mrequested[0m[2m=[0mNone [3mactual[0m[2m=[0m136577024 [3mlen[0m[2m=[0m12288 [3mend[0m[2m=[0m136589312
[2m 121.500487100s[0m [31mERROR[0m [2mlitebox_shim_linux::syscalls::mm[0m[2m:[0m DIAG_MMAP returned [3mtid[0m[2m=[0m4 [3maddr[0m[2m=[0m0 [3mlen[0m[2m=[0m12288 [3mflags[0m[2m=[0m34 [3mreturned[0m[2m=[0m136577024 [3mrelocated[0m[2m=[0mfalse
[2m 121.500748900s[0m [31mERROR[0m [2mlitebox_shim_linux::syscalls::process[0m[2m:[0m DIAG_TIMELINE execve [3mpid[0m[2m=[0m4 [3mppid[0m[2m=[0m1 [3mcomm[0m[2m=[0m[115, 104, 0, 0, 0, 0, 0, 0, 0, 0, 0, 0, 0, 0, 0, 0] [3margv0[0m[2m=[0m/usr/bin/xsetroot
[2m 121.501361100s[0m [31mERROR[0m [2mlitebox::mm[0m[2m:[0m DIAG_CREATE_PAGES [3mrequested[0m[2m=[0mSome(269484032) [3mactual[0m[2m=[0m269484032 [3mlen[0m[2m=[0m24576 [3mend[0m[2m=[0m269508608
[2m 121.501374800s[0m [31mERROR[0m [2mlitebox_shim_linux::syscalls::mm[0m[2m:[0m DIAG_MMAP returned [3mtid[0m[2m=[0m4 [3maddr[0m[2m=[0m269484032 [3mlen[0m[2m=[0m24576 [3mflags[0m[2m=[0m34 [3mreturned[0m[2m=[0m269484032 [3mrelocated[0m[2m=[0mfalse
[2m 121.501449800s[0m [31mERROR[0m [2mlitebox::mm[0m[2m:[0m DIAG_CREATE_PAGES [3mrequested[0m[2m=[0mSome(269484032) [3mactual[0m[2m=[0m269484032 [3mlen[0m[2m=[0m4096 [3mend[0m[2m=[0m269488128
[2m 121.501481400s[0m [31mERROR[0m [2mlitebox_shim_linux::syscalls::mm[0m[2m:[0m DIAG_ELF_PATCH init-from-scratch (cache miss) [3mpid[0m[2m=[0m4 [3mfd[0m[2m=[0m3 [3mmapped_addr[0m[2m=[0m269484032 [3mexisting_keys[0m[2m=[0m[]
[2m 121.501494100s[0m [31mERROR[0m [2mlitebox_shim_linux::syscalls::mm[0m[2m:[0m DIAG_MMAP returned [3mtid[0m[2m=[0m4 [3maddr[0m[2m=[0m269484032 [3mlen[0m[2m=[0m4096 [3mflags[0m[2m=[0m18 [3mreturned[0m[2m=[0m269484032 [3mrelocated[0m[2m=[0mfalse
[2m 121.501515200s[0m [31mERROR[0m [2mlitebox::mm[0m[2m:[0m DIAG_CREATE_PAGES [3mrequested[0m[2m=[0mSome(269488128) [3mactual[0m[2m=[0m269488128 [3mlen[0m[2m=[0m8192 [3mend[0m[2m=[0m269496320
[2m 121.501544600s[0m [31mERROR[0m [2mlitebox_shim_linux::syscalls::mm[0m[2m:[0m DIAG_MMAP returned [3mtid[0m[2m=[0m4 [3maddr[0m[2m=[0m269488128 [3mlen[0m[2m=[0m8192 [3mflags[0m[2m=[0m18 [3mreturned[0m[2m=[0m269488128 [3mrelocated[0m[2m=[0mfalse
[2m 121.501580100s[0m [31mERROR[0m [2mlitebox::mm[0m[2m:[0m DIAG_CREATE_PAGES [3mrequested[0m[2m=[0mSome(269496320) [3mactual[0m[2m=[0m269496320 [3mlen[0m[2m=[0m4096 [3mend[0m[2m=[0m269500416
[2m 121.501602400s[0m [31mERROR[0m [2mlitebox_shim_linux::syscalls::mm[0m[2m:[0m DIAG_MMAP returned [3mtid[0m[2m=[0m4 [3maddr[0m[2m=[0m269496320 [3mlen[0m[2m=[0m4096 [3mflags[0m[2m=[0m18 [3mreturned[0m[2m=[0m269496320 [3mrelocated[0m[2m=[0mfalse
[2m 121.501633900s[0m [31mERROR[0m [2mlitebox::mm[0m[2m:[0m DIAG_CREATE_PAGES [3mrequested[0m[2m=[0mSome(269500416) [3mactual[0m[2m=[0m269500416 [3mlen[0m[2m=[0m8192 [3mend[0m[2m=[0m269508608
[2m 121.501654000s[0m [31mERROR[0m [2mlitebox_shim_linux::syscalls::mm[0m[2m:[0m DIAG_MMAP returned [3mtid[0m[2m=[0m4 [3maddr[0m[2m=[0m269500416 [3mlen[0m[2m=[0m8192 [3mflags[0m[2m=[0m18 [3mreturned[0m[2m=[0m269500416 [3mrelocated[0m[2m=[0mfalse
[2m 121.501684200s[0m [31mERROR[0m [2mlitebox::mm[0m[2m:[0m DIAG_CREATE_PAGES [3mrequested[0m[2m=[0mNone [3mactual[0m[2m=[0m136642560 [3mlen[0m[2m=[0m233472 [3mend[0m[2m=[0m136876032
[2m 121.501696900s[0m [31mERROR[0m [2mlitebox_shim_linux::syscalls::mm[0m[2m:[0m DIAG_MMAP returned [3mtid[0m[2m=[0m4 [3maddr[0m[2m=[0m0 [3mlen[0m[2m=[0m233472 [3mflags[0m[2m=[0m34 [3mreturned[0m[2m=[0m136642560 [3mrelocated[0m[2m=[0mfalse
[2m 121.501797500s[0m [31mERROR[0m [2mlitebox::mm[0m[2m:[0m DIAG_CREATE_PAGES [3mrequested[0m[2m=[0mSome(136642560) [3mactual[0m[2m=[0m136642560 [3mlen[0m[2m=[0m4096 [3mend[0m[2m=[0m136646656
[2m 121.501823700s[0m [31mERROR[0m [2mlitebox_shim_linux::syscalls::mm[0m[2m:[0m DIAG_ELF_PATCH init-from-scratch (cache miss) [3mpid[0m[2m=[0m4 [3mfd[0m[2m=[0m4 [3mmapped_addr[0m[2m=[0m136642560 [3mexisting_keys[0m[2m=[0m[(4, 3)]
[2m 121.501842300s[0m [31mERROR[0m [2mlitebox_shim_linux::syscalls::mm[0m[2m:[0m DIAG_MMAP returned [3mtid[0m[2m=[0m4 [3maddr[0m[2m=[0m136642560 [3mlen[0m[2m=[0m4096 [3mflags[0m[2m=[0m18 [3mreturned[0m[2m=[0m136642560 [3mrelocated[0m[2m=[0mfalse
[2m 121.501930000s[0m [31mERROR[0m [2mlitebox::mm[0m[2m:[0m DIAG_CREATE_PAGES [3mrequested[0m[2m=[0mSome(136646656) [3mactual[0m[2m=[0m136646656 [3mlen[0m[2m=[0m163840 [3mend[0m[2m=[0m136810496
[2m 121.502080900s[0m [31mERROR[0m [2mlitebox::mm[0m[2m:[0m DIAG_CREATE_PAGES [3mrequested[0m[2m=[0mSome(136871936) [3mactual[0m[2m=[0m136871936 [3mlen[0m[2m=[0m4096 [3mend[0m[2m=[0m136876032
[2m 121.502113400s[0m [31mERROR[0m [2mlitebox_shim_linux::syscalls::mm[0m[2m:[0m DIAG_MMAP returned [3mtid[0m[2m=[0m4 [3maddr[0m[2m=[0m136646656 [3mlen[0m[2m=[0m163840 [3mflags[0m[2m=[0m18 [3mreturned[0m[2m=[0m136646656 [3mrelocated[0m[2m=[0mfalse
[2m 121.502175000s[0m [31mERROR[0m [2mlitebox::mm[0m[2m:[0m DIAG_CREATE_PAGES [3mrequested[0m[2m=[0mSome(136810496) [3mactual[0m[2m=[0m136810496 [3mlen[0m[2m=[0m45056 [3mend[0m[2m=[0m136855552
[2m 121.502230800s[0m [31mERROR[0m [2mlitebox_shim_linux::syscalls::mm[0m[2m:[0m DIAG_MMAP returned [3mtid[0m[2m=[0m4 [3maddr[0m[2m=[0m136810496 [3mlen[0m[2m=[0m45056 [3mflags[0m[2m=[0m18 [3mreturned[0m[2m=[0m136810496 [3mrelocated[0m[2m=[0mfalse
[2m 121.502285500s[0m [31mERROR[0m [2mlitebox::mm[0m[2m:[0m DIAG_CREATE_PAGES [3mrequested[0m[2m=[0mSome(136855552) [3mactual[0m[2m=[0m136855552 [3mlen[0m[2m=[0m12288 [3mend[0m[2m=[0m136867840
[2m 121.502401400s[0m [31mERROR[0m [2mlitebox_shim_linux::syscalls::mm[0m[2m:[0m DIAG_MMAP returned [3mtid[0m[2m=[0m4 [3maddr[0m[2m=[0m136855552 [3mlen[0m[2m=[0m12288 [3mflags[0m[2m=[0m18 [3mreturned[0m[2m=[0m136855552 [3mrelocated[0m[2m=[0mfalse
[2m 121.502430900s[0m [31mERROR[0m [2mlitebox::mm[0m[2m:[0m DIAG_CREATE_PAGES [3mrequested[0m[2m=[0mSome(136867840) [3mactual[0m[2m=[0m136867840 [3mlen[0m[2m=[0m4096 [3mend[0m[2m=[0m136871936
[2m 121.502440500s[0m [31mERROR[0m [2mlitebox_shim_linux::syscalls::mm[0m[2m:[0m DIAG_MMAP returned [3mtid[0m[2m=[0m4 [3maddr[0m[2m=[0m136867840 [3mlen[0m[2m=[0m4096 [3mflags[0m[2m=[0m50 [3mreturned[0m[2m=[0m136867840 [3mrelocated[0m[2m=[0mfalse
[2m 121.502489400s[0m [31mERROR[0m [2mlitebox::mm[0m[2m:[0m DIAG_CREATE_PAGES [3mrequested[0m[2m=[0mSome(136871936) [3mactual[0m[2m=[0m136871936 [3mlen[0m[2m=[0m4096 [3mend[0m[2m=[0m136876032
[2m 121.502507300s[0m [31mERROR[0m [2mlitebox_shim_linux::syscalls::mm[0m[2m:[0m DIAG_MMAP returned [3mtid[0m[2m=[0m4 [3maddr[0m[2m=[0m136871936 [3mlen[0m[2m=[0m4096 [3mflags[0m[2m=[0m18 [3mreturned[0m[2m=[0m136871936 [3mrelocated[0m[2m=[0mfalse
[2m 121.502723900s[0m [31mERROR[0m [2mlitebox::mm[0m[2m:[0m DIAG_CREATE_PAGES [3mrequested[0m[2m=[0mNone [3mactual[0m[2m=[0m136904704 [3mlen[0m[2m=[0m8388608 [3mend[0m[2m=[0m145293312
[2m 121.502926900s[0m [31mERROR[0m [2mlitebox::mm[0m[2m:[0m DIAG_CREATE_PAGES [3mrequested[0m[2m=[0mNone [3mactual[0m[2m=[0m140668751994880 [3mlen[0m[2m=[0m40960 [3mend[0m[2m=[0m140668752035840
[2m 121.502978700s[0m [31mERROR[0m [2mlitebox_shim_linux::syscalls::mm[0m[2m:[0m DIAG_ELF_PATCH init-from-scratch (cache miss) [3mpid[0m[2m=[0m4 [3mfd[0m[2m=[0m3 [3mmapped_addr[0m[2m=[0m140668751994880 [3mexisting_keys[0m[2m=[0m[]
[2m 121.502992500s[0m [31mERROR[0m [2mlitebox_shim_linux::syscalls::mm[0m[2m:[0m DIAG_MMAP returned [3mtid[0m[2m=[0m4 [3maddr[0m[2m=[0m0 [3mlen[0m[2m=[0m40960 [3mflags[0m[2m=[0m2 [3mreturned[0m[2m=[0m140668751994880 [3mrelocated[0m[2m=[0mfalse
[2m 121.503060700s[0m [31mERROR[0m [2mlitebox::mm[0m[2m:[0m DIAG_CREATE_PAGES [3mrequested[0m[2m=[0mNone [3mactual[0m[2m=[0m145293312 [3mlen[0m[2m=[0m8192 [3mend[0m[2m=[0m145301504
[2m 121.503072000s[0m [31mERROR[0m [2mlitebox_shim_linux::syscalls::mm[0m[2m:[0m DIAG_MMAP returned [3mtid[0m[2m=[0m4 [3maddr[0m[2m=[0m0 [3mlen[0m[2m=[0m8192 [3mflags[0m[2m=[0m34 [3mreturned[0m[2m=[0m145293312 [3mrelocated[0m[2m=[0mfalse
[2m 121.503107700s[0m [31mERROR[0m [2mlitebox::mm[0m[2m:[0m DIAG_CREATE_PAGES [3mrequested[0m[2m=[0mNone [3mactual[0m[2m=[0m140668735188992 [3mlen[0m[2m=[0m28672 [3mend[0m[2m=[0m140668735217664
[2m 121.503132200s[0m [31mERROR[0m [2mlitebox_shim_linux::syscalls::mm[0m[2m:[0m DIAG_ELF_PATCH init-from-scratch (cache miss) [3mpid[0m[2m=[0m4 [3mfd[0m[2m=[0m3 [3mmapped_addr[0m[2m=[0m140668735188992 [3mexisting_keys[0m[2m=[0m[]
[2m 121.503140800s[0m [31mERROR[0m [2mlitebox_shim_linux::syscalls::mm[0m[2m:[0m DIAG_MMAP returned [3mtid[0m[2m=[0m4 [3maddr[0m[2m=[0m0 [3mlen[0m[2m=[0m28672 [3mflags[0m[2m=[0m2050 [3mreturned[0m[2m=[0m140668735188992 [3mrelocated[0m[2m=[0mfalse
[2m 121.503173700s[0m [31mERROR[0m [2mlitebox::mm[0m[2m:[0m DIAG_CREATE_PAGES [3mrequested[0m[2m=[0mSome(140668735197184) [3mactual[0m[2m=[0m140668735197184 [3mlen[0m[2m=[0m8192 [3mend[0m[2m=[0m140668735205376
[2m 121.503197100s[0m [31mERROR[0m [2mlitebox::mm[0m[2m:[0m DIAG_CREATE_PAGES [3mrequested[0m[2m=[0mSome(140668735217664) [3mactual[0m[2m=[0m140668735217664 [3mlen[0m[2m=[0m4096 [3mend[0m[2m=[0m140668735221760
[2m 121.503435900s[0m [31mERROR[0m [2mlitebox_shim_linux::syscalls::mm[0m[2m:[0m DIAG_MMAP returned [3mtid[0m[2m=[0m4 [3maddr[0m[2m=[0m140668735197184 [3mlen[0m[2m=[0m8192 [3mflags[0m[2m=[0m2066 [3mreturned[0m[2m=[0m140668735197184 [3mrelocated[0m[2m=[0mfalse
[2m 121.503479800s[0m [31mERROR[0m [2mlitebox::mm[0m[2m:[0m DIAG_CREATE_PAGES [3mrequested[0m[2m=[0mSome(140668735205376) [3mactual[0m[2m=[0m140668735205376 [3mlen[0m[2m=[0m4096 [3mend[0m[2m=[0m140668735209472
[2m 121.503503500s[0m [31mERROR[0m [2mlitebox_shim_linux::syscalls::mm[0m[2m:[0m DIAG_MMAP returned [3mtid[0m[2m=[0m4 [3maddr[0m[2m=[0m140668735205376 [3mlen[0m[2m=[0m4096 [3mflags[0m[2m=[0m2066 [3mreturned[0m[2m=[0m140668735205376 [3mrelocated[0m[2m=[0mfalse
[2m 121.503534700s[0m [31mERROR[0m [2mlitebox::mm[0m[2m:[0m DIAG_CREATE_PAGES [3mrequested[0m[2m=[0mSome(140668735209472) [3mactual[0m[2m=[0m140668735209472 [3mlen[0m[2m=[0m8192 [3mend[0m[2m=[0m140668735217664
[2m 121.503551800s[0m [31mERROR[0m [2mlitebox_shim_linux::syscalls::mm[0m[2m:[0m DIAG_MMAP returned [3mtid[0m[2m=[0m4 [3maddr[0m[2m=[0m140668735209472 [3mlen[0m[2m=[0m8192 [3mflags[0m[2m=[0m2066 [3mreturned[0m[2m=[0m140668735209472 [3mrelocated[0m[2m=[0mfalse
[2m 121.504633400s[0m [31mERROR[0m [2mlitebox::mm[0m[2m:[0m DIAG_CREATE_PAGES [3mrequested[0m[2m=[0mNone [3mactual[0m[2m=[0m140668717068288 [3mlen[0m[2m=[0m1343488 [3mend[0m[2m=[0m140668718411776
[2m 121.505257500s[0m [31mERROR[0m [2mlitebox_shim_linux::syscalls::mm[0m[2m:[0m DIAG_ELF_PATCH init-from-scratch (cache miss) [3mpid[0m[2m=[0m4 [3mfd[0m[2m=[0m3 [3mmapped_addr[0m[2m=[0m140668717068288 [3mexisting_keys[0m[2m=[0m[]
[2m 121.505277200s[0m [31mERROR[0m [2mlitebox_shim_linux::syscalls::mm[0m[2m:[0m DIAG_MMAP returned [3mtid[0m[2m=[0m4 [3maddr[0m[2m=[0m0 [3mlen[0m[2m=[0m1343488 [3mflags[0m[2m=[0m2050 [3mreturned[0m[2m=[0m140668717068288 [3mrelocated[0m[2m=[0mfalse
[2m 121.505759500s[0m [31mERROR[0m [2mlitebox::mm[0m[2m:[0m DIAG_CREATE_PAGES [3mrequested[0m[2m=[0mSome(140668717182976) [3mactual[0m[2m=[0m140668717182976 [3mlen[0m[2m=[0m589824 [3mend[0m[2m=[0m140668717772800
[2m 121.506057600s[0m [31mERROR[0m [2mlitebox::mm[0m[2m:[0m DIAG_CREATE_PAGES [3mrequested[0m[2m=[0mSome(140668718411776) [3mactual[0m[2m=[0m140668718411776 [3mlen[0m[2m=[0m4096 [3mend[0m[2m=[0m140668718415872
[2m 121.521671200s[0m [31mERROR[0m [2mlitebox_shim_linux::syscalls::mm[0m[2m:[0m DIAG_MMAP returned [3mtid[0m[2m=[0m4 [3maddr[0m[2m=[0m140668717182976 [3mlen[0m[2m=[0m589824 [3mflags[0m[2m=[0m2066 [3mreturned[0m[2m=[0m140668717182976 [3mrelocated[0m[2m=[0mfalse
[2m 121.522021200s[0m [31mERROR[0m [2mlitebox::mm[0m[2m:[0m DIAG_CREATE_PAGES [3mrequested[0m[2m=[0mSome(140668717772800) [3mactual[0m[2m=[0m140668717772800 [3mlen[0m[2m=[0m614400 [3mend[0m[2m=[0m140668718387200
[2m 121.522211800s[0m [31mERROR[0m [2mlitebox_shim_linux::syscalls::mm[0m[2m:[0m DIAG_MMAP returned [3mtid[0m[2m=[0m4 [3maddr[0m[2m=[0m140668717772800 [3mlen[0m[2m=[0m614400 [3mflags[0m[2m=[0m2066 [3mreturned[0m[2m=[0m140668717772800 [3mrelocated[0m[2m=[0mfalse
[2m 121.522301300s[0m [31mERROR[0m [2mlitebox::mm[0m[2m:[0m DIAG_CREATE_PAGES [3mrequested[0m[2m=[0mSome(140668718387200) [3mactual[0m[2m=[0m140668718387200 [3mlen[0m[2m=[0m24576 [3mend[0m[2m=[0m140668718411776
[2m 121.522321100s[0m [31mERROR[0m [2mlitebox_shim_linux::syscalls::mm[0m[2m:[0m DIAG_MMAP returned [3mtid[0m[2m=[0m4 [3maddr[0m[2m=[0m140668718387200 [3mlen[0m[2m=[0m24576 [3mflags[0m[2m=[0m2066 [3mreturned[0m[2m=[0m140668718387200 [3mrelocated[0m[2m=[0mfalse
[2m 121.522431600s[0m [31mERROR[0m [2mlitebox::mm[0m[2m:[0m DIAG_CREATE_PAGES [3mrequested[0m[2m=[0mNone [3mactual[0m[2m=[0m140668700237824 [3mlen[0m[2m=[0m53248 [3mend[0m[2m=[0m140668700291072
[2m 121.522468100s[0m [31mERROR[0m [2mlitebox_shim_linux::syscalls::mm[0m[2m:[0m DIAG_ELF_PATCH init-from-scratch (cache miss) [3mpid[0m[2m=[0m4 [3mfd[0m[2m=[0m3 [3mmapped_addr[0m[2m=[0m140668700237824 [3mexisting_keys[0m[2m=[0m[]
[2m 121.522483300s[0m [31mERROR[0m [2mlitebox_shim_linux::syscalls::mm[0m[2m:[0m DIAG_MMAP returned [3mtid[0m[2m=[0m4 [3maddr[0m[2m=[0m0 [3mlen[0m[2m=[0m53248 [3mflags[0m[2m=[0m2050 [3mreturned[0m[2m=[0m140668700237824 [3mrelocated[0m[2m=[0mfalse
[2m 121.522511500s[0m [31mERROR[0m [2mlitebox::mm[0m[2m:[0m DIAG_CREATE_PAGES [3mrequested[0m[2m=[0mSome(140668700250112) [3mactual[0m[2m=[0m140668700250112 [3mlen[0m[2m=[0m24576 [3mend[0m[2m=[0m140668700274688
[2m 121.522541100s[0m [31mERROR[0m [2mlitebox::mm[0m[2m:[0m DIAG_CREATE_PAGES [3mrequested[0m[2m=[0mSome(140668700291072) [3mactual[0m[2m=[0m140668700291072 [3mlen[0m[2m=[0m4096 [3mend[0m[2m=[0m140668700295168
[2m 121.523117300s[0m [31mERROR[0m [2mlitebox_shim_linux::syscalls::mm[0m[2m:[0m DIAG_MMAP returned [3mtid[0m[2m=[0m4 [3maddr[0m[2m=[0m140668700250112 [3mlen[0m[2m=[0m24576 [3mflags[0m[2m=[0m2066 [3mreturned[0m[2m=[0m140668700250112 [3mrelocated[0m[2m=[0mfalse
[2m 121.523145000s[0m [31mERROR[0m [2mlitebox::mm[0m[2m:[0m DIAG_CREATE_PAGES [3mrequested[0m[2m=[0mSome(140668700274688) [3mactual[0m[2m=[0m140668700274688 [3mlen[0m[2m=[0m8192 [3mend[0m[2m=[0m140668700282880
[2m 121.523160200s[0m [31mERROR[0m [2mlitebox_shim_linux::syscalls::mm[0m[2m:[0m DIAG_MMAP returned [3mtid[0m[2m=[0m4 [3maddr[0m[2m=[0m140668700274688 [3mlen[0m[2m=[0m8192 [3mflags[0m[2m=[0m2066 [3mreturned[0m[2m=[0m140668700274688 [3mrelocated[0m[2m=[0mfalse
[2m 121.523180800s[0m [31mERROR[0m [2mlitebox::mm[0m[2m:[0m DIAG_CREATE_PAGES [3mrequested[0m[2m=[0mSome(140668700282880) [3mactual[0m[2m=[0m140668700282880 [3mlen[0m[2m=[0m8192 [3mend[0m[2m=[0m140668700291072
[2m 121.523192100s[0m [31mERROR[0m [2mlitebox_shim_linux::syscalls::mm[0m[2m:[0m DIAG_MMAP returned [3mtid[0m[2m=[0m4 [3maddr[0m[2m=[0m140668700282880 [3mlen[0m[2m=[0m8192 [3mflags[0m[2m=[0m2066 [3mreturned[0m[2m=[0m140668700282880 [3mrelocated[0m[2m=[0mfalse
[2m 121.523460700s[0m [31mERROR[0m [2mlitebox::mm[0m[2m:[0m DIAG_CREATE_PAGES [3mrequested[0m[2m=[0mNone [3mactual[0m[2m=[0m140668681412608 [3mlen[0m[2m=[0m2048000 [3mend[0m[2m=[0m140668683460608
[2m 121.524063500s[0m [31mERROR[0m [2mlitebox_shim_linux::syscalls::mm[0m[2m:[0m DIAG_ELF_PATCH init-from-scratch (cache miss) [3mpid[0m[2m=[0m4 [3mfd[0m[2m=[0m3 [3mmapped_addr[0m[2m=[0m140668681412608 [3mexisting_keys[0m[2m=[0m[]
[2m 121.524086700s[0m [31mERROR[0m [2mlitebox_shim_linux::syscalls::mm[0m[2m:[0m DIAG_MMAP returned [3mtid[0m[2m=[0m4 [3maddr[0m[2m=[0m0 [3mlen[0m[2m=[0m2048000 [3mflags[0m[2m=[0m2050 [3mreturned[0m[2m=[0m140668681412608 [3mrelocated[0m[2m=[0mfalse
[2m 121.524508100s[0m [31mERROR[0m [2mlitebox::mm[0m[2m:[0m DIAG_CREATE_PAGES [3mrequested[0m[2m=[0mSome(140668681576448) [3mactual[0m[2m=[0m140668681576448 [3mlen[0m[2m=[0m1454080 [3mend[0m[2m=[0m140668683030528
[2m 121.524963600s[0m [31mERROR[0m [2mlitebox::mm[0m[2m:[0m DIAG_CREATE_PAGES [3mrequested[0m[2m=[0mSome(140668683460608) [3mactual[0m[2m=[0m140668683460608 [3mlen[0m[2m=[0m12288 [3mend[0m[2m=[0m140668683472896
[2m 121.524993300s[0m [31mERROR[0m [2mlitebox_shim_linux::syscalls::mm[0m[2m:[0m DIAG_MMAP returned [3mtid[0m[2m=[0m4 [3maddr[0m[2m=[0m140668681576448 [3mlen[0m[2m=[0m1454080 [3mflags[0m[2m=[0m2066 [3mreturned[0m[2m=[0m140668681576448 [3mrelocated[0m[2m=[0mfalse
[2m 121.525269000s[0m [31mERROR[0m [2mlitebox::mm[0m[2m:[0m DIAG_CREATE_PAGES [3mrequested[0m[2m=[0mSome(140668683030528) [3mactual[0m[2m=[0m140668683030528 [3mlen[0m[2m=[0m352256 [3mend[0m[2m=[0m140668683382784
[2m 121.525376900s[0m [31mERROR[0m [2mlitebox_shim_linux::syscalls::mm[0m[2m:[0m DIAG_MMAP returned [3mtid[0m[2m=[0m4 [3maddr[0m[2m=[0m140668683030528 [3mlen[0m[2m=[0m352256 [3mflags[0m[2m=[0m2066 [3mreturned[0m[2m=[0m140668683030528 [3mrelocated[0m[2m=[0mfalse
[2m 121.525587600s[0m [31mERROR[0m [2mlitebox::mm[0m[2m:[0m DIAG_CREATE_PAGES [3mrequested[0m[2m=[0mSome(140668683382784) [3mactual[0m[2m=[0m140668683382784 [3mlen[0m[2m=[0m24576 [3mend[0m[2m=[0m140668683407360
[2m 121.525608600s[0m [31mERROR[0m [2mlitebox_shim_linux::syscalls::mm[0m[2m:[0m DIAG_MMAP returned [3mtid[0m[2m=[0m4 [3maddr[0m[2m=[0m140668683382784 [3mlen[0m[2m=[0m24576 [3mflags[0m[2m=[0m2066 [3mreturned[0m[2m=[0m140668683382784 [3mrelocated[0m[2m=[0mfalse
[2m 121.525629700s[0m [31mERROR[0m [2mlitebox::mm[0m[2m:[0m DIAG_CREATE_PAGES [3mrequested[0m[2m=[0mSome(140668683407360) [3mactual[0m[2m=[0m140668683407360 [3mlen[0m[2m=[0m53248 [3mend[0m[2m=[0m140668683460608
[2m 121.525636300s[0m [31mERROR[0m [2mlitebox_shim_linux::syscalls::mm[0m[2m:[0m DIAG_MMAP returned [3mtid[0m[2m=[0m4 [3maddr[0m[2m=[0m140668683407360 [3mlen[0m[2m=[0m53248 [3mflags[0m[2m=[0m50 [3mreturned[0m[2m=[0m140668683407360 [3mrelocated[0m[2m=[0mfalse
[2m 121.525783000s[0m [31mERROR[0m [2mlitebox::mm[0m[2m:[0m DIAG_CREATE_PAGES [3mrequested[0m[2m=[0mNone [3mactual[0m[2m=[0m140668664459264 [3mlen[0m[2m=[0m176128 [3mend[0m[2m=[0m140668664635392
[2m 121.525860900s[0m [31mERROR[0m [2mlitebox_shim_linux::syscalls::mm[0m[2m:[0m DIAG_ELF_PATCH init-from-scratch (cache miss) [3mpid[0m[2m=[0m4 [3mfd[0m[2m=[0m3 [3mmapped_addr[0m[2m=[0m140668664459264 [3mexisting_keys[0m[2m=[0m[]
[2m 121.525870400s[0m [31mERROR[0m [2mlitebox_shim_linux::syscalls::mm[0m[2m:[0m DIAG_MMAP returned [3mtid[0m[2m=[0m4 [3maddr[0m[2m=[0m0 [3mlen[0m[2m=[0m176128 [3mflags[0m[2m=[0m2050 [3mreturned[0m[2m=[0m140668664459264 [3mrelocated[0m[2m=[0mfalse
[2m 121.525904500s[0m [31mERROR[0m [2mlitebox::mm[0m[2m:[0m DIAG_CREATE_PAGES [3mrequested[0m[2m=[0mSome(140668664508416) [3mactual[0m[2m=[0m140668664508416 [3mlen[0m[2m=[0m81920 [3mend[0m[2m=[0m140668664590336
[2m 121.525957500s[0m [31mERROR[0m [2mlitebox::mm[0m[2m:[0m DIAG_CREATE_PAGES [3mrequested[0m[2m=[0mSome(140668664635392) [3mactual[0m[2m=[0m140668664635392 [3mlen[0m[2m=[0m4096 [3mend[0m[2m=[0m140668664639488
[2m 121.527668300s[0m [31mERROR[0m [2mlitebox_shim_linux::syscalls::mm[0m[2m:[0m DIAG_MMAP returned [3mtid[0m[2m=[0m4 [3maddr[0m[2m=[0m140668664508416 [3mlen[0m[2m=[0m81920 [3mflags[0m[2m=[0m2066 [3mreturned[0m[2m=[0m140668664508416 [3mrelocated[0m[2m=[0mfalse
[2m 121.527783200s[0m [31mERROR[0m [2mlitebox::mm[0m[2m:[0m DIAG_CREATE_PAGES [3mrequested[0m[2m=[0mSome(140668664590336) [3mactual[0m[2m=[0m140668664590336 [3mlen[0m[2m=[0m36864 [3mend[0m[2m=[0m140668664627200
[2m 121.527820800s[0m [31mERROR[0m [2mlitebox_shim_linux::syscalls::mm[0m[2m:[0m DIAG_MMAP returned [3mtid[0m[2m=[0m4 [3maddr[0m[2m=[0m140668664590336 [3mlen[0m[2m=[0m36864 [3mflags[0m[2m=[0m2066 [3mreturned[0m[2m=[0m140668664590336 [3mrelocated[0m[2m=[0mfalse
[2m 121.527849800s[0m [31mERROR[0m [2mlitebox::mm[0m[2m:[0m DIAG_CREATE_PAGES [3mrequested[0m[2m=[0mSome(140668664627200) [3mactual[0m[2m=[0m140668664627200 [3mlen[0m[2m=[0m8192 [3mend[0m[2m=[0m140668664635392
[2m 121.527862000s[0m [31mERROR[0m [2mlitebox_shim_linux::syscalls::mm[0m[2m:[0m DIAG_MMAP returned [3mtid[0m[2m=[0m4 [3maddr[0m[2m=[0m140668664627200 [3mlen[0m[2m=[0m8192 [3mflags[0m[2m=[0m2066 [3mreturned[0m[2m=[0m140668664627200 [3mrelocated[0m[2m=[0mfalse
[2m 121.527943300s[0m [31mERROR[0m [2mlitebox::mm[0m[2m:[0m DIAG_CREATE_PAGES [3mrequested[0m[2m=[0mNone [3mactual[0m[2m=[0m145358848 [3mlen[0m[2m=[0m8192 [3mend[0m[2m=[0m145367040
[2m 121.527952200s[0m [31mERROR[0m [2mlitebox_shim_linux::syscalls::mm[0m[2m:[0m DIAG_MMAP returned [3mtid[0m[2m=[0m4 [3maddr[0m[2m=[0m0 [3mlen[0m[2m=[0m8192 [3mflags[0m[2m=[0m34 [3mreturned[0m[2m=[0m145358848 [3mrelocated[0m[2m=[0mfalse
[2m 121.528005900s[0m [31mERROR[0m [2mlitebox::mm[0m[2m:[0m DIAG_CREATE_PAGES [3mrequested[0m[2m=[0mNone [3mactual[0m[2m=[0m140668647628800 [3mlen[0m[2m=[0m53248 [3mend[0m[2m=[0m140668647682048
[2m 121.528042200s[0m [31mERROR[0m [2mlitebox_shim_linux::syscalls::mm[0m[2m:[0m DIAG_ELF_PATCH init-from-scratch (cache miss) [3mpid[0m[2m=[0m4 [3mfd[0m[2m=[0m3 [3mmapped_addr[0m[2m=[0m140668647628800 [3mexisting_keys[0m[2m=[0m[]
[2m 121.528051700s[0m [31mERROR[0m [2mlitebox_shim_linux::syscalls::mm[0m[2m:[0m DIAG_MMAP returned [3mtid[0m[2m=[0m4 [3maddr[0m[2m=[0m0 [3mlen[0m[2m=[0m53248 [3mflags[0m[2m=[0m2050 [3mreturned[0m[2m=[0m140668647628800 [3mrelocated[0m[2m=[0mfalse
[2m 121.528078000s[0m [31mERROR[0m [2mlitebox::mm[0m[2m:[0m DIAG_CREATE_PAGES [3mrequested[0m[2m=[0mSome(140668647636992) [3mactual[0m[2m=[0m140668647636992 [3mlen[0m[2m=[0m28672 [3mend[0m[2m=[0m140668647665664
[2m 121.528108800s[0m [31mERROR[0m [2mlitebox::mm[0m[2m:[0m DIAG_CREATE_PAGES [3mrequested[0m[2m=[0mSome(140668647682048) [3mactual[0m[2m=[0m140668647682048 [3mlen[0m[2m=[0m4096 [3mend[0m[2m=[0m140668647686144
[2m 121.528700700s[0m [31mERROR[0m [2mlitebox_shim_linux::syscalls::mm[0m[2m:[0m DIAG_MMAP returned [3mtid[0m[2m=[0m4 [3maddr[0m[2m=[0m140668647636992 [3mlen[0m[2m=[0m28672 [3mflags[0m[2m=[0m2066 [3mreturned[0m[2m=[0m140668647636992 [3mrelocated[0m[2m=[0mfalse
[2m 121.528730300s[0m [31mERROR[0m [2mlitebox::mm[0m[2m:[0m DIAG_CREATE_PAGES [3mrequested[0m[2m=[0mSome(140668647665664) [3mactual[0m[2m=[0m140668647665664 [3mlen[0m[2m=[0m8192 [3mend[0m[2m=[0m140668647673856
[2m 121.528779600s[0m [31mERROR[0m [2mlitebox_shim_linux::syscalls::mm[0m[2m:[0m DIAG_MMAP returned [3mtid[0m[2m=[0m4 [3maddr[0m[2m=[0m140668647665664 [3mlen[0m[2m=[0m8192 [3mflags[0m[2m=[0m2066 [3mreturned[0m[2m=[0m140668647665664 [3mrelocated[0m[2m=[0mfalse
[2m 121.528800600s[0m [31mERROR[0m [2mlitebox::mm[0m[2m:[0m DIAG_CREATE_PAGES [3mrequested[0m[2m=[0mSome(140668647673856) [3mactual[0m[2m=[0m140668647673856 [3mlen[0m[2m=[0m8192 [3mend[0m[2m=[0m140668647682048
[2m 121.528812000s[0m [31mERROR[0m [2mlitebox_shim_linux::syscalls::mm[0m[2m:[0m DIAG_MMAP returned [3mtid[0m[2m=[0m4 [3maddr[0m[2m=[0m140668647673856 [3mlen[0m[2m=[0m8192 [3mflags[0m[2m=[0m2066 [3mreturned[0m[2m=[0m140668647673856 [3mrelocated[0m[2m=[0mfalse
[2m 121.528879800s[0m [31mERROR[0m [2mlitebox::mm[0m[2m:[0m DIAG_CREATE_PAGES [3mrequested[0m[2m=[0mNone [3mactual[0m[2m=[0m140668630818816 [3mlen[0m[2m=[0m32768 [3mend[0m[2m=[0m140668630851584
[2m 121.528908100s[0m [31mERROR[0m [2mlitebox_shim_linux::syscalls::mm[0m[2m:[0m DIAG_ELF_PATCH init-from-scratch (cache miss) [3mpid[0m[2m=[0m4 [3mfd[0m[2m=[0m3 [3mmapped_addr[0m[2m=[0m140668630818816 [3mexisting_keys[0m[2m=[0m[]
[2m 121.528916700s[0m [31mERROR[0m [2mlitebox_shim_linux::syscalls::mm[0m[2m:[0m DIAG_MMAP returned [3mtid[0m[2m=[0m4 [3maddr[0m[2m=[0m0 [3mlen[0m[2m=[0m32768 [3mflags[0m[2m=[0m2050 [3mreturned[0m[2m=[0m140668630818816 [3mrelocated[0m[2m=[0mfalse
[2m 121.528938700s[0m [31mERROR[0m [2mlitebox::mm[0m[2m:[0m DIAG_CREATE_PAGES [3mrequested[0m[2m=[0mSome(140668630827008) [3mactual[0m[2m=[0m140668630827008 [3mlen[0m[2m=[0m12288 [3mend[0m[2m=[0m140668630839296
[2m 121.528961000s[0m [31mERROR[0m [2mlitebox::mm[0m[2m:[0m DIAG_CREATE_PAGES [3mrequested[0m[2m=[0mSome(140668630851584) [3mactual[0m[2m=[0m140668630851584 [3mlen[0m[2m=[0m4096 [3mend[0m[2m=[0m140668630855680
[2m 121.529240000s[0m [31mERROR[0m [2mlitebox_shim_linux::syscalls::mm[0m[2m:[0m DIAG_MMAP returned [3mtid[0m[2m=[0m4 [3maddr[0m[2m=[0m140668630827008 [3mlen[0m[2m=[0m12288 [3mflags[0m[2m=[0m2066 [3mreturned[0m[2m=[0m140668630827008 [3mrelocated[0m[2m=[0mfalse
[2m 121.529275100s[0m [31mERROR[0m [2mlitebox::mm[0m[2m:[0m DIAG_CREATE_PAGES [3mrequested[0m[2m=[0mSome(140668630839296) [3mactual[0m[2m=[0m140668630839296 [3mlen[0m[2m=[0m4096 [3mend[0m[2m=[0m140668630843392
[2m 121.529291500s[0m [31mERROR[0m [2mlitebox_shim_linux::syscalls::mm[0m[2m:[0m DIAG_MMAP returned [3mtid[0m[2m=[0m4 [3maddr[0m[2m=[0m140668630839296 [3mlen[0m[2m=[0m4096 [3mflags[0m[2m=[0m2066 [3mreturned[0m[2m=[0m140668630839296 [3mrelocated[0m[2m=[0mfalse
[2m 121.529311800s[0m [31mERROR[0m [2mlitebox::mm[0m[2m:[0m DIAG_CREATE_PAGES [3mrequested[0m[2m=[0mSome(140668630843392) [3mactual[0m[2m=[0m140668630843392 [3mlen[0m[2m=[0m8192 [3mend[0m[2m=[0m140668630851584
[2m 121.529324100s[0m [31mERROR[0m [2mlitebox_shim_linux::syscalls::mm[0m[2m:[0m DIAG_MMAP returned [3mtid[0m[2m=[0m4 [3maddr[0m[2m=[0m140668630843392 [3mlen[0m[2m=[0m8192 [3mflags[0m[2m=[0m2066 [3mreturned[0m[2m=[0m140668630843392 [3mrelocated[0m[2m=[0mfalse
[2m 121.529383100s[0m [31mERROR[0m [2mlitebox::mm[0m[2m:[0m DIAG_CREATE_PAGES [3mrequested[0m[2m=[0mNone [3mactual[0m[2m=[0m140668614021120 [3mlen[0m[2m=[0m20480 [3mend[0m[2m=[0m140668614041600
[2m 121.529404100s[0m [31mERROR[0m [2mlitebox_shim_linux::syscalls::mm[0m[2m:[0m DIAG_ELF_PATCH init-from-scratch (cache miss) [3mpid[0m[2m=[0m4 [3mfd[0m[2m=[0m3 [3mmapped_addr[0m[2m=[0m140668614021120 [3mexisting_keys[0m[2m=[0m[]
[2m 121.529412400s[0m [31mERROR[0m [2mlitebox_shim_linux::syscalls::mm[0m[2m:[0m DIAG_MMAP returned [3mtid[0m[2m=[0m4 [3maddr[0m[2m=[0m0 [3mlen[0m[2m=[0m20480 [3mflags[0m[2m=[0m2050 [3mreturned[0m[2m=[0m140668614021120 [3mrelocated[0m[2m=[0mfalse
[2m 121.529433000s[0m [31mERROR[0m [2mlitebox::mm[0m[2m:[0m DIAG_CREATE_PAGES [3mrequested[0m[2m=[0mSome(140668614025216) [3mactual[0m[2m=[0m140668614025216 [3mlen[0m[2m=[0m4096 [3mend[0m[2m=[0m140668614029312
[2m 121.529451400s[0m [31mERROR[0m [2mlitebox::mm[0m[2m:[0m DIAG_CREATE_PAGES [3mrequested[0m[2m=[0mSome(140668614041600) [3mactual[0m[2m=[0m140668614041600 [3mlen[0m[2m=[0m4096 [3mend[0m[2m=[0m140668614045696
[2m 121.529547400s[0m [31mERROR[0m [2mlitebox_shim_linux::syscalls::mm[0m[2m:[0m DIAG_MMAP returned [3mtid[0m[2m=[0m4 [3maddr[0m[2m=[0m140668614025216 [3mlen[0m[2m=[0m4096 [3mflags[0m[2m=[0m2066 [3mreturned[0m[2m=[0m140668614025216 [3mrelocated[0m[2m=[0mfalse
[2m 121.529569300s[0m [31mERROR[0m [2mlitebox::mm[0m[2m:[0m DIAG_CREATE_PAGES [3mrequested[0m[2m=[0mSome(140668614029312) [3mactual[0m[2m=[0m140668614029312 [3mlen[0m[2m=[0m4096 [3mend[0m[2m=[0m140668614033408
[2m 121.529581400s[0m [31mERROR[0m [2mlitebox_shim_linux::syscalls::mm[0m[2m:[0m DIAG_MMAP returned [3mtid[0m[2m=[0m4 [3maddr[0m[2m=[0m140668614029312 [3mlen[0m[2m=[0m4096 [3mflags[0m[2m=[0m2066 [3mreturned[0m[2m=[0m140668614029312 [3mrelocated[0m[2m=[0mfalse
[2m 121.529599900s[0m [31mERROR[0m [2mlitebox::mm[0m[2m:[0m DIAG_CREATE_PAGES [3mrequested[0m[2m=[0mSome(140668614033408) [3mactual[0m[2m=[0m140668614033408 [3mlen[0m[2m=[0m8192 [3mend[0m[2m=[0m140668614041600
[2m 121.529611100s[0m [31mERROR[0m [2mlitebox_shim_linux::syscalls::mm[0m[2m:[0m DIAG_MMAP returned [3mtid[0m[2m=[0m4 [3maddr[0m[2m=[0m140668614033408 [3mlen[0m[2m=[0m8192 [3mflags[0m[2m=[0m2066 [3mreturned[0m[2m=[0m140668614033408 [3mrelocated[0m[2m=[0mfalse
[2m 121.529666200s[0m [31mERROR[0m [2mlitebox::mm[0m[2m:[0m DIAG_CREATE_PAGES [3mrequested[0m[2m=[0mNone [3mactual[0m[2m=[0m140668597211136 [3mlen[0m[2m=[0m32768 [3mend[0m[2m=[0m140668597243904
[2m 121.529692600s[0m [31mERROR[0m [2mlitebox_shim_linux::syscalls::mm[0m[2m:[0m DIAG_ELF_PATCH init-from-scratch (cache miss) [3mpid[0m[2m=[0m4 [3mfd[0m[2m=[0m3 [3mmapped_addr[0m[2m=[0m140668597211136 [3mexisting_keys[0m[2m=[0m[]
[2m 121.529703100s[0m [31mERROR[0m [2mlitebox_shim_linux::syscalls::mm[0m[2m:[0m DIAG_MMAP returned [3mtid[0m[2m=[0m4 [3maddr[0m[2m=[0m0 [3mlen[0m[2m=[0m32768 [3mflags[0m[2m=[0m2050 [3mreturned[0m[2m=[0m140668597211136 [3mrelocated[0m[2m=[0mfalse
[2m 121.529725900s[0m [31mERROR[0m [2mlitebox::mm[0m[2m:[0m DIAG_CREATE_PAGES [3mrequested[0m[2m=[0mSome(140668597219328) [3mactual[0m[2m=[0m140668597219328 [3mlen[0m[2m=[0m8192 [3mend[0m[2m=[0m140668597227520
[2m 121.529746300s[0m [31mERROR[0m [2mlitebox::mm[0m[2m:[0m DIAG_CREATE_PAGES [3mrequested[0m[2m=[0mSome(140668597243904) [3mactual[0m[2m=[0m140668597243904 [3mlen[0m[2m=[0m4096 [3mend[0m[2m=[0m140668597248000
[2m 121.529937400s[0m [31mERROR[0m [2mlitebox_shim_linux::syscalls::mm[0m[2m:[0m DIAG_MMAP returned [3mtid[0m[2m=[0m4 [3maddr[0m[2m=[0m140668597219328 [3mlen[0m[2m=[0m8192 [3mflags[0m[2m=[0m2066 [3mreturned[0m[2m=[0m140668597219328 [3mrelocated[0m[2m=[0mfalse
[2m 121.529960600s[0m [31mERROR[0m [2mlitebox::mm[0m[2m:[0m DIAG_CREATE_PAGES [3mrequested[0m[2m=[0mSome(140668597227520) [3mactual[0m[2m=[0m140668597227520 [3mlen[0m[2m=[0m8192 [3mend[0m[2m=[0m140668597235712
[2m 121.529974700s[0m [31mERROR[0m [2mlitebox_shim_linux::syscalls::mm[0m[2m:[0m DIAG_MMAP returned [3mtid[0m[2m=[0m4 [3maddr[0m[2m=[0m140668597227520 [3mlen[0m[2m=[0m8192 [3mflags[0m[2m=[0m2066 [3mreturned[0m[2m=[0m140668597227520 [3mrelocated[0m[2m=[0mfalse
[2m 121.529993800s[0m [31mERROR[0m [2mlitebox::mm[0m[2m:[0m DIAG_CREATE_PAGES [3mrequested[0m[2m=[0mSome(140668597235712) [3mactual[0m[2m=[0m140668597235712 [3mlen[0m[2m=[0m8192 [3mend[0m[2m=[0m140668597243904
[2m 121.530004800s[0m [31mERROR[0m [2mlitebox_shim_linux::syscalls::mm[0m[2m:[0m DIAG_MMAP returned [3mtid[0m[2m=[0m4 [3maddr[0m[2m=[0m140668597235712 [3mlen[0m[2m=[0m8192 [3mflags[0m[2m=[0m2066 [3mreturned[0m[2m=[0m140668597235712 [3mrelocated[0m[2m=[0mfalse
[2m 121.530041300s[0m [31mERROR[0m [2mlitebox::mm[0m[2m:[0m DIAG_CREATE_PAGES [3mrequested[0m[2m=[0mNone [3mactual[0m[2m=[0m145424384 [3mlen[0m[2m=[0m8192 [3mend[0m[2m=[0m145432576
[2m 121.530048400s[0m [31mERROR[0m [2mlitebox_shim_linux::syscalls::mm[0m[2m:[0m DIAG_MMAP returned [3mtid[0m[2m=[0m4 [3maddr[0m[2m=[0m0 [3mlen[0m[2m=[0m8192 [3mflags[0m[2m=[0m34 [3mreturned[0m[2m=[0m145424384 [3mrelocated[0m[2m=[0mfalse
/usr/bin/xsetroot:  unable to open display ':0'
[2m 121.530647000s[0m [31mERROR[0m [2mlitebox_shim_linux::syscalls::process[0m[2m:[0m DIAG_TIMELINE exit_group [3mpid[0m[2m=[0m4 [3mcomm[0m[2m=[0m[120, 115, 101, 116, 114, 111, 111, 116, 0, 0, 0, 0, 0, 0, 0, 0] [3mstatus[0m[2m=[0m2
SETROOT=2
[2m 121.530787400s[0m [31mERROR[0m [2mlitebox_shim_linux::syscalls::process[0m[2m:[0m diag: fixup_stale_elf_data_pointers summary [3mranges_seen[0m[2m=[0m0 [3mhealed_count[0m[2m=[0m0
[2m 121.530893300s[0m [31mERROR[0m [2mlitebox_shim_linux::syscalls::process[0m[2m:[0m DIAG_TIMELINE clone [3mpid[0m[2m=[0m1 [3mcomm[0m[2m=[0m[115, 104, 0, 0, 0, 0, 0, 0, 0, 0, 0, 0, 0, 0, 0, 0] [3mchild_tid[0m[2m=[0m5
[2m 121.531398500s[0m [31mERROR[0m [2mlitebox_shim_linux::syscalls::process[0m[2m:[0m DIAG_TIMELINE execve [3mpid[0m[2m=[0m5 [3mppid[0m[2m=[0m1 [3mcomm[0m[2m=[0m[115, 104, 0, 0, 0, 0, 0, 0, 0, 0, 0, 0, 0, 0, 0, 0] [3margv0[0m[2m=[0m/usr/bin/sleep
[2m 121.531630500s[0m [31mERROR[0m [2mlitebox::mm[0m[2m:[0m DIAG_CREATE_PAGES [3mrequested[0m[2m=[0mSome(269746176) [3mactual[0m[2m=[0m269746176 [3mlen[0m[2m=[0m49152 [3mend[0m[2m=[0m269795328
[2m 121.531658500s[0m [31mERROR[0m [2mlitebox_shim_linux::syscalls::mm[0m[2m:[0m DIAG_MMAP returned [3mtid[0m[2m=[0m5 [3maddr[0m[2m=[0m269746176 [3mlen[0m[2m=[0m49152 [3mflags[0m[2m=[0m34 [3mreturned[0m[2m=[0m269746176 [3mrelocated[0m[2m=[0mfalse
[2m 121.531960800s[0m [31mERROR[0m [2mlitebox::mm[0m[2m:[0m DIAG_CREATE_PAGES [3mrequested[0m[2m=[0mSome(269746176) [3mactual[0m[2m=[0m269746176 [3mlen[0m[2m=[0m8192 [3mend[0m[2m=[0m269754368
[2m 121.532034200s[0m [31mERROR[0m [2mlitebox_shim_linux::syscalls::mm[0m[2m:[0m DIAG_ELF_PATCH init-from-scratch (cache miss) [3mpid[0m[2m=[0m5 [3mfd[0m[2m=[0m3 [3mmapped_addr[0m[2m=[0m269746176 [3mexisting_keys[0m[2m=[0m[]
[2m 121.532064000s[0m [31mERROR[0m [2mlitebox_shim_linux::syscalls::mm[0m[2m:[0m DIAG_MMAP returned [3mtid[0m[2m=[0m5 [3maddr[0m[2m=[0m269746176 [3mlen[0m[2m=[0m8192 [3mflags[0m[2m=[0m18 [3mreturned[0m[2m=[0m269746176 [3mrelocated[0m[2m=[0mfalse
[2m 121.532109200s[0m [31mERROR[0m [2mlitebox::mm[0m[2m:[0m DIAG_CREATE_PAGES [3mrequested[0m[2m=[0mSome(269754368) [3mactual[0m[2m=[0m269754368 [3mlen[0m[2m=[0m20480 [3mend[0m[2m=[0m269774848
[2m 121.532227200s[0m [31mERROR[0m [2mlitebox_shim_linux::syscalls::mm[0m[2m:[0m DIAG_MMAP returned [3mtid[0m[2m=[0m5 [3maddr[0m[2m=[0m269754368 [3mlen[0m[2m=[0m20480 [3mflags[0m[2m=[0m18 [3mreturned[0m[2m=[0m269754368 [3mrelocated[0m[2m=[0mfalse
[2m 121.532288700s[0m [31mERROR[0m [2mlitebox::mm[0m[2m:[0m DIAG_CREATE_PAGES [3mrequested[0m[2m=[0mSome(269774848) [3mactual[0m[2m=[0m269774848 [3mlen[0m[2m=[0m12288 [3mend[0m[2m=[0m269787136
[2m 121.532326800s[0m [31mERROR[0m [2mlitebox_shim_linux::syscalls::mm[0m[2m:[0m DIAG_MMAP returned [3mtid[0m[2m=[0m5 [3maddr[0m[2m=[0m269774848 [3mlen[0m[2m=[0m12288 [3mflags[0m[2m=[0m18 [3mreturned[0m[2m=[0m269774848 [3mrelocated[0m[2m=[0mfalse
[2m 121.532368500s[0m [31mERROR[0m [2mlitebox::mm[0m[2m:[0m DIAG_CREATE_PAGES [3mrequested[0m[2m=[0mSome(269787136) [3mactual[0m[2m=[0m269787136 [3mlen[0m[2m=[0m8192 [3mend[0m[2m=[0m269795328
[2m 121.532394600s[0m [31mERROR[0m [2mlitebox_shim_linux::syscalls::mm[0m[2m:[0m DIAG_MMAP returned [3mtid[0m[2m=[0m5 [3maddr[0m[2m=[0m269787136 [3mlen[0m[2m=[0m8192 [3mflags[0m[2m=[0m18 [3mreturned[0m[2m=[0m269787136 [3mrelocated[0m[2m=[0mfalse
[2m 121.532434700s[0m [31mERROR[0m [2mlitebox::mm[0m[2m:[0m DIAG_CREATE_PAGES [3mrequested[0m[2m=[0mNone [3mactual[0m[2m=[0m145489920 [3mlen[0m[2m=[0m233472 [3mend[0m[2m=[0m145723392
[2m 121.532451400s[0m [31mERROR[0m [2mlitebox_shim_linux::syscalls::mm[0m[2m:[0m DIAG_MMAP returned [3mtid[0m[2m=[0m5 [3maddr[0m[2m=[0m0 [3mlen[0m[2m=[0m233472 [3mflags[0m[2m=[0m34 [3mreturned[0m[2m=[0m145489920 [3mrelocated[0m[2m=[0mfalse
[2m 121.532533000s[0m [31mERROR[0m [2mlitebox::mm[0m[2m:[0m DIAG_CREATE_PAGES [3mrequested[0m[2m=[0mSome(145489920) [3mactual[0m[2m=[0m145489920 [3mlen[0m[2m=[0m4096 [3mend[0m[2m=[0m145494016
[2m 121.532567200s[0m [31mERROR[0m [2mlitebox_shim_linux::syscalls::mm[0m[2m:[0m DIAG_ELF_PATCH init-from-scratch (cache miss) [3mpid[0m[2m=[0m5 [3mfd[0m[2m=[0m4 [3mmapped_addr[0m[2m=[0m145489920 [3mexisting_keys[0m[2m=[0m[(5, 3)]
[2m 121.532588900s[0m [31mERROR[0m [2mlitebox_shim_linux::syscalls::mm[0m[2m:[0m DIAG_MMAP returned [3mtid[0m[2m=[0m5 [3maddr[0m[2m=[0m145489920 [3mlen[0m[2m=[0m4096 [3mflags[0m[2m=[0m18 [3mreturned[0m[2m=[0m145489920 [3mrelocated[0m[2m=[0mfalse
[2m 121.532647600s[0m [31mERROR[0m [2mlitebox::mm[0m[2m:[0m DIAG_CREATE_PAGES [3mrequested[0m[2m=[0mSome(145494016) [3mactual[0m[2m=[0m145494016 [3mlen[0m[2m=[0m163840 [3mend[0m[2m=[0m145657856
[2m 121.532819400s[0m [31mERROR[0m [2mlitebox::mm[0m[2m:[0m DIAG_CREATE_PAGES [3mrequested[0m[2m=[0mSome(145719296) [3mactual[0m[2m=[0m145719296 [3mlen[0m[2m=[0m4096 [3mend[0m[2m=[0m145723392
[2m 121.532859900s[0m [31mERROR[0m [2mlitebox_shim_linux::syscalls::mm[0m[2m:[0m DIAG_MMAP returned [3mtid[0m[2m=[0m5 [3maddr[0m[2m=[0m145494016 [3mlen[0m[2m=[0m163840 [3mflags[0m[2m=[0m18 [3mreturned[0m[2m=[0m145494016 [3mrelocated[0m[2m=[0mfalse
[2m 121.532919400s[0m [31mERROR[0m [2mlitebox::mm[0m[2m:[0m DIAG_CREATE_PAGES [3mrequested[0m[2m=[0mSome(145657856) [3mactual[0m[2m=[0m145657856 [3mlen[0m[2m=[0m45056 [3mend[0m[2m=[0m145702912
[2m 121.532984400s[0m [31mERROR[0m [2mlitebox_shim_linux::syscalls::mm[0m[2m:[0m DIAG_MMAP returned [3mtid[0m[2m=[0m5 [3maddr[0m[2m=[0m145657856 [3mlen[0m[2m=[0m45056 [3mflags[0m[2m=[0m18 [3mreturned[0m[2m=[0m145657856 [3mrelocated[0m[2m=[0mfalse
[2m 121.533023200s[0m [31mERROR[0m [2mlitebox::mm[0m[2m:[0m DIAG_CREATE_PAGES [3mrequested[0m[2m=[0mSome(145702912) [3mactual[0m[2m=[0m145702912 [3mlen[0m[2m=[0m12288 [3mend[0m[2m=[0m145715200
[2m 121.533039700s[0m [31mERROR[0m [2mlitebox_shim_linux::syscalls::mm[0m[2m:[0m DIAG_MMAP returned [3mtid[0m[2m=[0m5 [3maddr[0m[2m=[0m145702912 [3mlen[0m[2m=[0m12288 [3mflags[0m[2m=[0m18 [3mreturned[0m[2m=[0m145702912 [3mrelocated[0m[2m=[0mfalse
[2m 121.533059600s[0m [31mERROR[0m [2mlitebox::mm[0m[2m:[0m DIAG_CREATE_PAGES [3mrequested[0m[2m=[0mSome(145715200) [3mactual[0m[2m=[0m145715200 [3mlen[0m[2m=[0m4096 [3mend[0m[2m=[0m145719296
[2m 121.533071300s[0m [31mERROR[0m [2mlitebox_shim_linux::syscalls::mm[0m[2m:[0m DIAG_MMAP returned [3mtid[0m[2m=[0m5 [3maddr[0m[2m=[0m145715200 [3mlen[0m[2m=[0m4096 [3mflags[0m[2m=[0m50 [3mreturned[0m[2m=[0m145715200 [3mrelocated[0m[2m=[0mfalse
[2m 121.533096600s[0m [31mERROR[0m [2mlitebox::mm[0m[2m:[0m DIAG_CREATE_PAGES [3mrequested[0m[2m=[0mSome(145719296) [3mactual[0m[2m=[0m145719296 [3mlen[0m[2m=[0m4096 [3mend[0m[2m=[0m145723392
[2m 121.533106500s[0m [31mERROR[0m [2mlitebox_shim_linux::syscalls::mm[0m[2m:[0m DIAG_MMAP returned [3mtid[0m[2m=[0m5 [3maddr[0m[2m=[0m145719296 [3mlen[0m[2m=[0m4096 [3mflags[0m[2m=[0m18 [3mreturned[0m[2m=[0m145719296 [3mrelocated[0m[2m=[0mfalse
[2m 121.533233100s[0m [31mERROR[0m [2mlitebox::mm[0m[2m:[0m DIAG_CREATE_PAGES [3mrequested[0m[2m=[0mNone [3mactual[0m[2m=[0m145752064 [3mlen[0m[2m=[0m8388608 [3mend[0m[2m=[0m154140672
[2m 121.533368400s[0m [31mERROR[0m [2mlitebox::mm[0m[2m:[0m DIAG_CREATE_PAGES [3mrequested[0m[2m=[0mNone [3mactual[0m[2m=[0m140668751994880 [3mlen[0m[2m=[0m40960 [3mend[0m[2m=[0m140668752035840
[2m 121.533447800s[0m [31mERROR[0m [2mlitebox_shim_linux::syscalls::mm[0m[2m:[0m DIAG_ELF_PATCH init-from-scratch (cache miss) [3mpid[0m[2m=[0m5 [3mfd[0m[2m=[0m3 [3mmapped_addr[0m[2m=[0m140668751994880 [3mexisting_keys[0m[2m=[0m[]
[2m 121.533458500s[0m [31mERROR[0m [2mlitebox_shim_linux::syscalls::mm[0m[2m:[0m DIAG_MMAP returned [3mtid[0m[2m=[0m5 [3maddr[0m[2m=[0m0 [3mlen[0m[2m=[0m40960 [3mflags[0m[2m=[0m2 [3mreturned[0m[2m=[0m140668751994880 [3mrelocated[0m[2m=[0mfalse
[2m 121.533519400s[0m [31mERROR[0m [2mlitebox::mm[0m[2m:[0m DIAG_CREATE_PAGES [3mrequested[0m[2m=[0mNone [3mactual[0m[2m=[0m154140672 [3mlen[0m[2m=[0m8192 [3mend[0m[2m=[0m154148864
[2m 121.533531600s[0m [31mERROR[0m [2mlitebox_shim_linux::syscalls::mm[0m[2m:[0m DIAG_MMAP returned [3mtid[0m[2m=[0m5 [3maddr[0m[2m=[0m0 [3mlen[0m[2m=[0m8192 [3mflags[0m[2m=[0m34 [3mreturned[0m[2m=[0m154140672 [3mrelocated[0m[2m=[0mfalse
[2m 121.534115400s[0m [31mERROR[0m [2mlitebox::mm[0m[2m:[0m DIAG_CREATE_PAGES [3mrequested[0m[2m=[0mNone [3mactual[0m[2m=[0m140668733169664 [3mlen[0m[2m=[0m2048000 [3mend[0m[2m=[0m140668735217664
[2m 121.535065800s[0m [31mERROR[0m [2mlitebox_shim_linux::syscalls::mm[0m[2m:[0m DIAG_ELF_PATCH init-from-scratch (cache miss) [3mpid[0m[2m=[0m5 [3mfd[0m[2m=[0m3 [3mmapped_addr[0m[2m=[0m140668733169664 [3mexisting_keys[0m[2m=[0m[]
[2m 121.535114200s[0m [31mERROR[0m [2mlitebox_shim_linux::syscalls::mm[0m[2m:[0m DIAG_MMAP returned [3mtid[0m[2m=[0m5 [3maddr[0m[2m=[0m0 [3mlen[0m[2m=[0m2048000 [3mflags[0m[2m=[0m2050 [3mreturned[0m[2m=[0m140668733169664 [3mrelocated[0m[2m=[0mfalse
[2m 121.535814500s[0m [31mERROR[0m [2mlitebox::mm[0m[2m:[0m DIAG_CREATE_PAGES [3mrequested[0m[2m=[0mSome(140668733333504) [3mactual[0m[2m=[0m140668733333504 [3mlen[0m[2m=[0m1454080 [3mend[0m[2m=[0m140668734787584
[2m 121.536434600s[0m [31mERROR[0m [2mlitebox::mm[0m[2m:[0m DIAG_CREATE_PAGES [3mrequested[0m[2m=[0mSome(140668735217664) [3mactual[0m[2m=[0m140668735217664 [3mlen[0m[2m=[0m12288 [3mend[0m[2m=[0m140668735229952
[2m 121.536463500s[0m [31mERROR[0m [2mlitebox_shim_linux::syscalls::mm[0m[2m:[0m DIAG_MMAP returned [3mtid[0m[2m=[0m5 [3maddr[0m[2m=[0m140668733333504 [3mlen[0m[2m=[0m1454080 [3mflags[0m[2m=[0m2066 [3mreturned[0m[2m=[0m140668733333504 [3mrelocated[0m[2m=[0mfalse
[2m 121.536932500s[0m [31mERROR[0m [2mlitebox::mm[0m[2m:[0m DIAG_CREATE_PAGES [3mrequested[0m[2m=[0mSome(140668734787584) [3mactual[0m[2m=[0m140668734787584 [3mlen[0m[2m=[0m352256 [3mend[0m[2m=[0m140668735139840
[2m 121.537064700s[0m [31mERROR[0m [2mlitebox_shim_linux::syscalls::mm[0m[2m:[0m DIAG_MMAP returned [3mtid[0m[2m=[0m5 [3maddr[0m[2m=[0m140668734787584 [3mlen[0m[2m=[0m352256 [3mflags[0m[2m=[0m2066 [3mreturned[0m[2m=[0m140668734787584 [3mrelocated[0m[2m=[0mfalse
[2m 121.537474400s[0m [31mERROR[0m [2mlitebox::mm[0m[2m:[0m DIAG_CREATE_PAGES [3mrequested[0m[2m=[0mSome(140668735139840) [3mactual[0m[2m=[0m140668735139840 [3mlen[0m[2m=[0m24576 [3mend[0m[2m=[0m140668735164416
[2m 121.537500000s[0m [31mERROR[0m [2mlitebox_shim_linux::syscalls::mm[0m[2m:[0m DIAG_MMAP returned [3mtid[0m[2m=[0m5 [3maddr[0m[2m=[0m140668735139840 [3mlen[0m[2m=[0m24576 [3mflags[0m[2m=[0m2066 [3mreturned[0m[2m=[0m140668735139840 [3mrelocated[0m[2m=[0mfalse
[2m 121.537531100s[0m [31mERROR[0m [2mlitebox::mm[0m[2m:[0m DIAG_CREATE_PAGES [3mrequested[0m[2m=[0mSome(140668735164416) [3mactual[0m[2m=[0m140668735164416 [3mlen[0m[2m=[0m53248 [3mend[0m[2m=[0m140668735217664
[2m 121.537540900s[0m [31mERROR[0m [2mlitebox_shim_linux::syscalls::mm[0m[2m:[0m DIAG_MMAP returned [3mtid[0m[2m=[0m5 [3maddr[0m[2m=[0m140668735164416 [3mlen[0m[2m=[0m53248 [3mflags[0m[2m=[0m50 [3mreturned[0m[2m=[0m140668735164416 [3mrelocated[0m[2m=[0mfalse
[2m 121.537585700s[0m [31mERROR[0m [2mlitebox::mm[0m[2m:[0m DIAG_CREATE_PAGES [3mrequested[0m[2m=[0mNone [3mactual[0m[2m=[0m154206208 [3mlen[0m[2m=[0m12288 [3mend[0m[2m=[0m154218496
[2m 121.537594800s[0m [31mERROR[0m [2mlitebox_shim_linux::syscalls::mm[0m[2m:[0m DIAG_MMAP returned [3mtid[0m[2m=[0m5 [3maddr[0m[2m=[0m0 [3mlen[0m[2m=[0m12288 [3mflags[0m[2m=[0m34 [3mreturned[0m[2m=[0m154206208 [3mrelocated[0m[2m=[0mfalse
[2m 136.548230300s[0m [31mERROR[0m [2mlitebox_shim_linux::syscalls::process[0m[2m:[0m DIAG_TIMELINE exit_group [3mpid[0m[2m=[0m5 [3mcomm[0m[2m=[0m[115, 108, 101, 101, 112, 0, 0, 0, 0, 0, 0, 0, 0, 0, 0, 0] [3mstatus[0m[2m=[0m0
=== R5_DONE ===
[2m 136.548385800s[0m [31mERROR[0m [2mlitebox_shim_linux::syscalls::process[0m[2m:[0m DIAG_TIMELINE exit_group [3mpid[0m[2m=[0m1 [3mcomm[0m[2m=[0m[115, 104, 0, 0, 0, 0, 0, 0, 0, 0, 0, 0, 0, 0, 0, 0] [3mstatus[0m[2m=[0m0

=== LITEBOX process tree (pid -> ppid, comm) ===
pid=2 ppid=1 comm=/usr/lib/xorg/Xorg
pid=3 ppid=1 comm=/usr/bin/sleep
pid=4 ppid=1 comm=/usr/bin/xsetroot
pid=5 ppid=1 comm=/usr/bin/sleep
